{
  "inputFileName" : "5000034.ser",
  "rootObject" : {
    "id" : "5000034",
    "loan_account" : {
      "SYSTEM_DATE" : "2018-09-19T06:26:18Z",
      "BUSINESS_DATE" : "2017-05-14T18:30:00Z",
      "ID" : 5000034,
      "AUTHORIZATION_BUSINESS_DATE" : "2017-01-23T18:30:00Z",
      "CREATED_BY_URI" : "com.nucleus.user.User:9001",
      "CREATION_TIME_STAMP" : "2018-08-10T06:17:24Z",
      "LAST_UPDATED_BY_URI" : null,
      "LAST_UPDATED_TIME_STAMP" : "2018-08-17T07:39:24Z",
      "PERSISTENCE_STATUS" : 1,
      "SNAPSHOT_RECORD" : 0,
      "SYSTEM_MODIFIABLE_ONLY" : 1,
      "UUID" : "21835034959835775-0.42881523185035153",
      "MAKE_BUSINESS_DATE" : "2017-01-23T18:30:00Z",
      "TENANT_ID" : 505,
      "ENTITY_VERSION_ID" : 16,
      "LOAN_ACCOUNT_NO" : "PLBAPLLONS000005000034",
      "ACCOUNTING_CLASS_MST_ID" : 400026,
      "ACCOUNTING_IRR" : 13.9043518,
      "ACCRUAL_OFFSET_AMOUNT" : 0,
      "ACCRUAL_STOP_DATE" : null,
      "ADJUSTED_AMOUNT_AT_DISBURSAL" : 0,
      "LOAN_SANCTIONED_DATE" : "2016-12-31T18:30:00Z",
      "APPL_CANCEL_CNT" : 0,
      "APPLICATION_CHANNEL_ID" : 515288,
      "APPLICATION_CREATION_DATE" : "2016-12-31T18:30:00Z",
      "APPLICATION_FORMNO" : "900000",
      "APPLICATION_TYPE" : 61112,
      "ASSET_CLASS_MST_ID" : 4,
      "ASSET_CLASSIFICATION_TYPE" : 51172,
      "LOAN_ASSETCOST" : 0,
      "AUTHDATE" : "2018-08-10T06:17:24Z",
      "AUTHID" : "SYSTEM",
      "AUTO_MANUAL_CLASSIFY_FLAG" : "A",
      "LTV" : 70,
      "BRANCH_STATE_CODE" : "NDL",
      "BUCKET" : 0,
      "CAPITALIZE_INTEREST" : null,
      "CHG_INT_DURING_MORATORIUM" : null,
      "CLOSURE_FREEZE_DATE" : null,
      "COBORROWER_GUARANTOR_EXISTS" : null,
      "COURSE_PERIOD" : null,
      "COURSE_START_FROM" : null,
      "CURRENCY_MST_ID" : 42001,
      "CURRENT_RATE_TYPE_ID" : 60033,
      "CUSTOMER_NAME" : "DeepakUbd Pathak",
      "CUSTOMER_NO" : "GLBCUST00000000001",
      "DAYS_PAST_DUE" : 0,
      "DEFERRAL_DAYS" : 4,
      "DISBURSAL_DATE" : "2016-12-31T18:30:00Z",
      "DISBURSAL_STATUS_ID" : 2860,
      "DPD_STRING" : null,
      "ELIGIBLE_FOR_EOD_PROCESSING" : 0,
      "EMI_EFFECTIVE_FROMDATE" : "2016-12-31T18:30:00Z",
      "ENHANCED_AMOUNT" : 0,
      "EXTERNAL_ASSET_CLASS_MST_ID" : null,
      "EXTERNAL_NPA_DATE" : null,
      "FILENO" : "SOAP9904",
      "FINAL_SANCTIONED_AMOUNT" : 50000,
      "LOAN_AMOUNT" : 50000,
      "FIXED_TILL_DATE" : null,
      "FLOATING_FREQ_MONTHS" : null,
      "FREEZE_LOAN_FLAG" : "N",
      "GSTIN_APPLICABLE" : "Y",
      "GSTIN_INTERSTATE_FLAG" : "Y",
      "HOST_CUSTOMER_INFO_FILE_NUMBER" : null,
      "INSTALMENT_BASED" : 60011,
      "INTEREST_LEVIED_TILL_DATE" : null,
      "INTEREST_SUSPENSION_DATE" : "2017-02-12T18:30:00Z",
      "INTEREST_SUSPENSION_FLAG" : "Y",
      "LAST_ACCRUAL_DATE" : "2017-01-30T18:30:00Z",
      "LAST_ANCHORRATE_REVISION_DATE" : null,
      "LAST_CLASSIFICATION_DATE" : "2017-02-12T18:30:00Z",
      "LAST_BILLED_DUEDATE" : null,
      "LAST_CIBIL_EXTRACTION_DATE" : "2017-01-30T18:30:00Z",
      "LAST_DPD_DATE" : null,
      "LAST_DPD_PROCESS_DATE" : "2017-02-01T18:30:00Z",
      "LAST_DISBURSAL_DATE" : "2016-12-31T18:30:00Z",
      "LAST_LPF_DATE" : null,
      "LAST_LPI_DATE" : null,
      "LAST_MIS_SNAPSHOT_DATE" : "2017-02-01T18:30:00Z",
      "LAST_MIS_SNAPSHOT_REF_ID" : 5000705,
      "LAST_MANUAL_ASSET_CLASS_MST_ID" : null,
      "LAST_RATE_REVISION_DATE" : null,
      "LIMIT_TYPE" : null,
      "LOAN_AMOUNT_PAID" : 50000,
      "BRANCHID" : 5,
      "CANCEL_CLOSURE_DATE" : null,
      "CLOSURE_ELIGIBLE_DATE" : null,
      "GSTIN_TXN_REF_ID" : 5000038,
      "LOAN_IDENTIFICATION_ID" : null,
      "LOAN_IN_COLLECTION" : 0,
      "MARGINMONEY" : 0,
      "MATURITYDATE" : "2018-01-24T18:30:00Z",
      "MISFIELD_1" : null,
      "MISFIELD_2" : null,
      "MISFIELD_3" : null,
      "MISFIELD_4" : null,
      "MORATORIUM_END_DATE" : null,
      "MORATORIUM_TENURE_IMPACT" : null,
      "MORATORIUM_INT_COL_METHOD" : null,
      "MORATORIUM_PERIOD" : null,
      "MORATORIUM_START_DATE" : null,
      "MARKUP" : 2,
      "NEXT_ANCHORRATE_REVISION_DATE" : null,
      "NEXT_CYCLE_DUE_AMOUNT" : 4448,
      "NEXT_CYCLE_DUEDATE" : "2017-02-24T18:30:00Z",
      "NEXT_CYCLE_EFF_INSTL_AMT" : null,
      "NEXT_RATE_REVISION_DATE" : null,
      "NEXT_REPAY_AMOUNT" : 4448,
      "NEXT_REPAY_DUEDATE" : "2017-02-24T18:30:00Z",
      "NEXT_REPAY_EFF_AMOUNT" : null,
      "NOC_BLOCK_FLAG" : "N",
      "NOC_ISSUE_DATE" : null,
      "NPA_DATE" : null,
      "NUMBER_OF_INSTALMENT" : 12,
      "NO_OF_INSTL_BILLED" : 0,
      "NO_OF_INSTL_UNBILLED" : 12,
      "ORIGINAL_EMI_AMOUNT" : 4448,
      "ORIGINAL_TENURE" : 12,
      "ORIGINATING_SYSTEM" : null,
      "PARTPREPAY_PENALTY" : 0,
      "PENAL_BILLED_AMOUNT" : 0,
      "PENAL_INTEREST_RATE" : 0,
      "PROCESSED_TILL_DATE" : "2017-02-01T18:30:00Z",
      "PRODUCT_CATEGORY_ID" : 60225,
      "PRODUCTID" : 5000007,
      "PRODUCT_TYPE_ID" : 40002,
      "PROVISION_BATCH_ID" : 5000021,
      "PSL_BASED_FLAG" : 0,
      "RATE_FIXED_FOR_MONTHS" : null,
      "RATE_TYPE_ID" : 60033,
      "REDUCED_AMOUNT" : 0,
      "ADVANCE_INSTALLMENT_FLOW_TYPE" : 7029,
      "ANCHOR_MST_ID" : 5000000,
      "ANCHOR_RATE" : 13,
      "BALLOON_AMOUNT" : 0,
      "BROKEN_PERIOD_DAYS" : 0,
      "BROKEN_PERIOD_FLAG" : 60003,
      "BROKEN_PERIOD_INT_DAYS_METHOD" : 7027,
      "BROKEN_PERIOD_INT_CHG_TYPE" : 7024,
      "TENURE" : 12,
      "DAYS_PER_YEAR" : 60017,
      "DIFF_DAYS_METHOD" : 60014,
      "EFFECTIVE_INTEREST_RATE" : 10.85,
      "FREQUENCY" : 60005,
      "GRACE_INTEREST_CHARGE_ON_APR" : 0,
      "GRACE_INTEREST_COMPOUND_FLAG" : 0,
      "GRADED_BASED_ON" : null,
      "INSTALLMENT_COMPUTED_ON" : 51215,
      "INSTALMENT_MODE" : 60019,
      "INSTALLMENT_MULTIPLES_OF" : 1,
      "INSTALLMENT_ROUNDING_PRECISION" : 0,
      "INSTALMENT_ROUNDING" : 60023,
      "INSTALMENT_TYPE" : 60029,
      "INTEREST_FREE_DAYS" : 0,
      "INTEREST_MULTIPLES_OF" : 1,
      "INTEREST_ONLY_SCHEDULE_FLAG" : null,
      "INTEREST_RECOVERY_FREQUENCY" : 60005,
      "INTEREST_ROUNDING_PRECISION" : 0,
      "INTEREST_ROUNDING" : 60026,
      "INTEREST_START_DATE" : "2016-12-31T18:30:00Z",
      "INTEREST_TYPE" : 60022,
      "BOOKING_INTEREST_START_DATE" : "2016-12-31T18:30:00Z",
      "LOAN_GRADED_INSTALLMENT_FLAG" : 51121,
      "MULTI_RATE_FLAG" : null,
      "DISBURSAL_FLAG" : "S",
      "NO_ADVANCE_INSTALMENT" : 0,
      "ORIGINAL_INTEREST_RATE" : 10.85,
      "PEMI_TENURE_INCLUSIVE_FLAG" : 51327,
      "PRINCIPAL_RECOVERY_FREQUENCY" : 60005,
      "RATE_EMI_FLAG" : 7030,
      "INTEREST_RATE" : 10.85,
      "REPAY_POLICY_ID" : 5000005,
      "DUEDAY" : "25",
      "REPAYMENT_START_DATE" : "2017-02-24T18:30:00Z",
      "RESIDUAL_VALUE_RECOVERY_ON" : 0,
      "RV_REC_INLAST_INSTALLMENT_FLAG" : 0,
      "REPOSSESS_FLAG" : "N",
      "RESCHEDULING_DATE" : null,
      "RESCHEDULING_FLAG" : "N",
      "RESCHEDULING_INSTALLMENT_AMT" : 4448,
      "ORIGINAL_SANCTIONED_AMOUNT" : 50000,
      "SCHEMEID" : 5000008,
      "ASSET_SECURED_AMOUNT" : 0,
      "SECURITIZED_FLAG" : "N",
      "SECURITIZED_DEALID" : null,
      "SOURCE_APPLICATION_ID" : 148664234715,
      "STOP_BILL_FLAG" : "N",
      "STOP_FRR_FLAG" : "N",
      "STOP_LPI_FLAG" : "N",
      "STATUS" : "A",
      "STOP_ACCRUAL_POST_MATURITY" : "N",
      "STOP_RESCHEDULING_FLAG" : "N",
      "TDS_POLICY_ID" : null,
      "TENURETYPE" : "M",
      "MANUAL_INT_PROV_AMOUNT" : 0,
      "MANUAL_PRIN_PROV_AMOUNT" : 0,
      "TOTAL_INTEREST_AMOUNT" : 3372,
      "TOTAL_VAP_AMOUNT" : 0,
      "VAPID" : 0,
      "PERSISTENT_FORM_DATA" : null,
      "CONCURRENCY_ID" : 250026,
      "LOAN_ADDITIONAL_INFO_ID" : 5000037,
      "LOAN_MIS_ID" : 5000037,
      "disbursal_details" : {
        "ID" : 5000037,
        "AUTHORIZATION_BUSINESS_DATE" : "2017-01-23T18:30:00Z",
        "CREATED_BY_URI" : "com.nucleus.user.User:5000023",
        "CREATION_TIME_STAMP" : "2018-08-10T06:17:24Z",
        "LAST_UPDATED_BY_URI" : "com.nucleus.user.User:5000023",
        "LAST_UPDATED_TIME_STAMP" : "2018-08-10T06:17:24Z",
        "PERSISTENCE_STATUS" : 0,
        "SNAPSHOT_RECORD" : 0,
        "SYSTEM_MODIFIABLE_ONLY" : 1,
        "UUID" : "21835034968242322-0.7848253709608318",
        "MAKE_BUSINESS_DATE" : "2017-01-23T18:30:00Z",
        "TENANT_ID" : 505,
        "ENTITY_VERSION_ID" : 1,
        "LOAN_ACCOUNT_NO" : "PLBAPLLONS000005000034",
        "ANCHOR_MST_ID" : 5000000,
        "ANCHOR_RATE" : 13,
        "INTEREST_RATE" : 10.85,
        "CURRENCY_MST_ID" : 42001,
        "DISBURSAL_AMT" : 50000,
        "DISBURSAL_DATE" : "2016-12-31T18:30:00Z",
        "DISBURSAL_NO" : 1,
        "DISBURSAL_RATE" : 10.85,
        "DISBURSAL_REFERENCE_ID" : 11,
        "DISBURSAL_REMARKS" : "disbursal",
        "DISBURSAL_TXN_DATE" : "2017-01-23T18:30:00Z",
        "DISBURSAL_TYPE" : 420050,
        "ENHANCED_AMT" : 0,
        "FIRST_INSTALLMENT_DUE_DATE" : "2016-12-31T18:30:00Z",
        "CHANGE_TYPE" : null,
        "INTEREST_START_DATE" : "2016-12-31T18:30:00Z",
        "LOANID" : 5000034,
        "MORATORIUM_TREATMENT_TYPE" : null,
        "NET_MARKUP" : 2,
        "NO_OF_MORATORIUM_INSTALLMENTS" : null,
        "RATE_TYPE_ID" : 60033,
        "REDUCED_AMT" : 0,
        "REF_LOAN_ACCOUNT_NO" : null,
        "REF_HOST_SYSTEM" : 420048,
        "SANCTIONED_AMT" : 50000,
        "SOURCE_DISBURSAL_TXN_DATE" : "2016-12-31T18:30:00Z",
        "START_INSTALLMENT_RECOVERY" : 61082,
        "DISBURSAL_STATUS" : "A",
        "TRANCHE_ID" : null,
        "TXN_BRANCHID" : 5,
        "TRANSACTION_TYPE" : "A",
        "VAPID" : 0,
        "PERSISTENT_FORM_DATA" : null,
        "disbursal_details_breakup" : [ {
          "ID" : 5000037,
          "AUTHORIZATION_BUSINESS_DATE" : "2017-01-23T18:30:00Z",
          "CREATED_BY_URI" : "com.nucleus.user.User:5000023",
          "CREATION_TIME_STAMP" : "2018-08-10T06:17:24Z",
          "LAST_UPDATED_BY_URI" : "com.nucleus.user.User:5000023",
          "LAST_UPDATED_TIME_STAMP" : "2018-08-10T06:17:24Z",
          "PERSISTENCE_STATUS" : 0,
          "SNAPSHOT_RECORD" : 0,
          "SYSTEM_MODIFIABLE_ONLY" : 1,
          "UUID" : "21835034968662236-0.4984398386827882",
          "MAKE_BUSINESS_DATE" : "2017-01-23T18:30:00Z",
          "TENANT_ID" : 505,
          "ENTITY_VERSION_ID" : 1,
          "BPTYPE_ID" : 2890,
          "BUSINESSPARTNER_ID" : null,
          "CREDIT_DAYS" : 0,
          "CURRENCY_MST_ID" : 42001,
          "CUSTOMER_NO" : "GLBCUST00000000001",
          "DISBURSAL_AMT" : 50000,
          "DISBURSALCHARGES_ADJUST_AMT" : 0,
          "DUES_ADJUST_AMT" : 0,
          "NET_DISBURSAL_AMT" : 50000,
          "ADDITIONAL_PAYABLE_AMT" : 0,
          "PAYABLE_ADJUST_AMT" : 0,
          "RETAIL_ADJUSTMENT" : "N",
          "DISBURSAL_STATUS" : "A",
          "PERSISTENT_FORM_DATA" : null,
          "DISBURSAL_ID" : 5000037,
          "disbursal_paymnet_details" : [ {
            "ID" : 5000033,
            "AUTHORIZATION_BUSINESS_DATE" : "2017-01-23T18:30:00Z",
            "CREATED_BY_URI" : "com.nucleus.user.User:5000023",
            "CREATION_TIME_STAMP" : "2018-08-10T06:17:24Z",
            "LAST_UPDATED_BY_URI" : "com.nucleus.user.User:5000023",
            "LAST_UPDATED_TIME_STAMP" : "2018-08-10T06:17:24Z",
            "PERSISTENCE_STATUS" : 0,
            "SNAPSHOT_RECORD" : 0,
            "SYSTEM_MODIFIABLE_ONLY" : 1,
            "UUID" : "21835035210892472-0.832108806377348",
            "MAKE_BUSINESS_DATE" : "2017-01-23T18:30:00Z",
            "TENANT_ID" : 505,
            "ENTITY_VERSION_ID" : 1,
            "BENEFICIARY_ACNO" : null,
            "BENEFICIARY_AC_TYPE" : null,
            "CURRENCY_MST_ID" : 42001,
            "DOWNLOAD_BATCH_ID" : null,
            "IGNORE_FOR_DOWNLOAD" : "N",
            "INFAVOUROF" : "asd",
            "INSTRUMENT_DATE" : "2016-12-31T18:30:00Z",
            "INSTRUMENT_REF_NUM" : "55644",
            "BANK_BRANCH_MST_ID" : null,
            "BANK_MST_ID" : null,
            "CITY_MST_ID" : null,
            "IFSC_CODE" : null,
            "BANK_IDENTIFICATION_CODE" : null,
            "MICR_NONMICR_FLAG" : null,
            "PAYMENT_AMOUNT" : 50000,
            "PAYMENT_DATE" : "2016-12-31T18:30:00Z",
            "PAYMENT_INTERFACE_METHOD" : "N",
            "PAYMENTMODE" : 2669,
            "DEALINGBANK_MST_ID" : 5000000,
            "PRINTING_BRANCHID" : null,
            "RECEIPTPAYMENTID" : 5000169,
            "DISBURSAL_PAYMENT_STATUS" : "A",
            "SOURCE_PAYMENT_REF_NUM" : 564388833,
            "PAYMENT_SUB_MODE" : null,
            "PERSISTENT_FORM_DATA" : null,
            "DISBURSAL_BREAKUPID" : 5000037
          } ]
        } ]
      },
      "loan_repayment" : [ {
        "ID" : 5000831,
        "AUTHORIZATION_BUSINESS_DATE" : "2017-01-23T18:30:00Z",
        "CREATED_BY_URI" : "com.nucleus.user.User:9001",
        "CREATION_TIME_STAMP" : "2018-08-10T06:17:24Z",
        "LAST_UPDATED_BY_URI" : "com.nucleus.user.User:9001",
        "LAST_UPDATED_TIME_STAMP" : null,
        "PERSISTENCE_STATUS" : 0,
        "SNAPSHOT_RECORD" : 0,
        "SYSTEM_MODIFIABLE_ONLY" : 1,
        "UUID" : "21835035155100613-0.27702287475018306",
        "MAKE_BUSINESS_DATE" : "2017-01-23T18:30:00Z",
        "TENANT_ID" : 505,
        "ENTITY_VERSION_ID" : 0,
        "ADVANCE_PREPAY_FLAG" : "N",
        "BILLEDDATE" : null,
        "CALCULATED_INTEREST_AMOUNT" : null,
        "CLOSING_PRINCIPAL" : 46366,
        "DUEDATE" : "2017-02-24T18:30:00Z",
        "BILLED_FLAG" : "N",
        "EFFECTIVE_INSTL_AMT" : null,
        "EFFECTIVE_INTEREST_RATE" : 10.85,
        "EMI_PEMI_FLAG" : "E",
        "INSTALMENT_AMOUNT" : 4448,
        "INSTALLMENT_INDICATOR" : "NA",
        "INSTALMENT_NUMBER" : 1,
        "INTEREST_COMPONENT" : 814,
        "LOANID" : 5000034,
        "INTEREST_DAYS" : 54,
        "BALANCE_PRINCIPAL" : 50000,
        "PRINCIPAL_COMPONENT" : 3634,
        "TDS_AMT" : null,
        "TDS_RATE" : null,
        "VAPID" : 0,
        "PERSISTENT_FORM_DATA" : null
      }, {
        "ID" : 5000832,
        "AUTHORIZATION_BUSINESS_DATE" : "2017-01-23T18:30:00Z",
        "CREATED_BY_URI" : "com.nucleus.user.User:9001",
        "CREATION_TIME_STAMP" : "2018-08-10T06:17:24Z",
        "LAST_UPDATED_BY_URI" : "com.nucleus.user.User:9001",
        "LAST_UPDATED_TIME_STAMP" : null,
        "PERSISTENCE_STATUS" : 0,
        "SNAPSHOT_RECORD" : 0,
        "SYSTEM_MODIFIABLE_ONLY" : 1,
        "UUID" : "21835035155131572-0.20659729580305353",
        "MAKE_BUSINESS_DATE" : "2017-01-23T18:30:00Z",
        "TENANT_ID" : 505,
        "ENTITY_VERSION_ID" : 0,
        "ADVANCE_PREPAY_FLAG" : "N",
        "BILLEDDATE" : null,
        "CALCULATED_INTEREST_AMOUNT" : null,
        "CLOSING_PRINCIPAL" : 42338,
        "DUEDATE" : "2017-03-24T18:30:00Z",
        "BILLED_FLAG" : "N",
        "EFFECTIVE_INSTL_AMT" : null,
        "EFFECTIVE_INTEREST_RATE" : 10.85,
        "EMI_PEMI_FLAG" : "E",
        "INSTALMENT_AMOUNT" : 4448,
        "INSTALLMENT_INDICATOR" : "NA",
        "INSTALMENT_NUMBER" : 2,
        "INTEREST_COMPONENT" : 420,
        "LOANID" : 5000034,
        "INTEREST_DAYS" : 30,
        "BALANCE_PRINCIPAL" : 46366,
        "PRINCIPAL_COMPONENT" : 4028,
        "TDS_AMT" : null,
        "TDS_RATE" : null,
        "VAPID" : 0,
        "PERSISTENT_FORM_DATA" : null
      }, {
        "ID" : 5000833,
        "AUTHORIZATION_BUSINESS_DATE" : "2017-01-23T18:30:00Z",
        "CREATED_BY_URI" : "com.nucleus.user.User:9001",
        "CREATION_TIME_STAMP" : "2018-08-10T06:17:24Z",
        "LAST_UPDATED_BY_URI" : "com.nucleus.user.User:9001",
        "LAST_UPDATED_TIME_STAMP" : null,
        "PERSISTENCE_STATUS" : 0,
        "SNAPSHOT_RECORD" : 0,
        "SYSTEM_MODIFIABLE_ONLY" : 1,
        "UUID" : "21835035155151099-0.18069846933593303",
        "MAKE_BUSINESS_DATE" : "2017-01-23T18:30:00Z",
        "TENANT_ID" : 505,
        "ENTITY_VERSION_ID" : 0,
        "ADVANCE_PREPAY_FLAG" : "N",
        "BILLEDDATE" : null,
        "CALCULATED_INTEREST_AMOUNT" : null,
        "CLOSING_PRINCIPAL" : 38273,
        "DUEDATE" : "2017-04-24T18:30:00Z",
        "BILLED_FLAG" : "N",
        "EFFECTIVE_INSTL_AMT" : null,
        "EFFECTIVE_INTEREST_RATE" : 10.85,
        "EMI_PEMI_FLAG" : "E",
        "INSTALMENT_AMOUNT" : 4448,
        "INSTALLMENT_INDICATOR" : "NA",
        "INSTALMENT_NUMBER" : 3,
        "INTEREST_COMPONENT" : 383,
        "LOANID" : 5000034,
        "INTEREST_DAYS" : 30,
        "BALANCE_PRINCIPAL" : 42338,
        "PRINCIPAL_COMPONENT" : 4065,
        "TDS_AMT" : null,
        "TDS_RATE" : null,
        "VAPID" : 0,
        "PERSISTENT_FORM_DATA" : null
      }, {
        "ID" : 5000834,
        "AUTHORIZATION_BUSINESS_DATE" : "2017-01-23T18:30:00Z",
        "CREATED_BY_URI" : "com.nucleus.user.User:9001",
        "CREATION_TIME_STAMP" : "2018-08-10T06:17:24Z",
        "LAST_UPDATED_BY_URI" : "com.nucleus.user.User:9001",
        "LAST_UPDATED_TIME_STAMP" : null,
        "PERSISTENCE_STATUS" : 0,
        "SNAPSHOT_RECORD" : 0,
        "SYSTEM_MODIFIABLE_ONLY" : 1,
        "UUID" : "21835035155170324-0.39014803473822435",
        "MAKE_BUSINESS_DATE" : "2017-01-23T18:30:00Z",
        "TENANT_ID" : 505,
        "ENTITY_VERSION_ID" : 0,
        "ADVANCE_PREPAY_FLAG" : "N",
        "BILLEDDATE" : null,
        "CALCULATED_INTEREST_AMOUNT" : null,
        "CLOSING_PRINCIPAL" : 34172,
        "DUEDATE" : "2017-05-24T18:30:00Z",
        "BILLED_FLAG" : "N",
        "EFFECTIVE_INSTL_AMT" : null,
        "EFFECTIVE_INTEREST_RATE" : 10.85,
        "EMI_PEMI_FLAG" : "E",
        "INSTALMENT_AMOUNT" : 4448,
        "INSTALLMENT_INDICATOR" : "NA",
        "INSTALMENT_NUMBER" : 4,
        "INTEREST_COMPONENT" : 347,
        "LOANID" : 5000034,
        "INTEREST_DAYS" : 30,
        "BALANCE_PRINCIPAL" : 38273,
        "PRINCIPAL_COMPONENT" : 4101,
        "TDS_AMT" : null,
        "TDS_RATE" : null,
        "VAPID" : 0,
        "PERSISTENT_FORM_DATA" : null
      }, {
        "ID" : 5000835,
        "AUTHORIZATION_BUSINESS_DATE" : "2017-01-23T18:30:00Z",
        "CREATED_BY_URI" : "com.nucleus.user.User:9001",
        "CREATION_TIME_STAMP" : "2018-08-10T06:17:24Z",
        "LAST_UPDATED_BY_URI" : "com.nucleus.user.User:9001",
        "LAST_UPDATED_TIME_STAMP" : null,
        "PERSISTENCE_STATUS" : 0,
        "SNAPSHOT_RECORD" : 0,
        "SYSTEM_MODIFIABLE_ONLY" : 1,
        "UUID" : "21835035155189482-0.0323090435385428",
        "MAKE_BUSINESS_DATE" : "2017-01-23T18:30:00Z",
        "TENANT_ID" : 505,
        "ENTITY_VERSION_ID" : 0,
        "ADVANCE_PREPAY_FLAG" : "N",
        "BILLEDDATE" : null,
        "CALCULATED_INTEREST_AMOUNT" : null,
        "CLOSING_PRINCIPAL" : 30033,
        "DUEDATE" : "2017-06-24T18:30:00Z",
        "BILLED_FLAG" : "N",
        "EFFECTIVE_INSTL_AMT" : null,
        "EFFECTIVE_INTEREST_RATE" : 10.85,
        "EMI_PEMI_FLAG" : "E",
        "INSTALMENT_AMOUNT" : 4448,
        "INSTALLMENT_INDICATOR" : "NA",
        "INSTALMENT_NUMBER" : 5,
        "INTEREST_COMPONENT" : 309,
        "LOANID" : 5000034,
        "INTEREST_DAYS" : 30,
        "BALANCE_PRINCIPAL" : 34172,
        "PRINCIPAL_COMPONENT" : 4139,
        "TDS_AMT" : null,
        "TDS_RATE" : null,
        "VAPID" : 0,
        "PERSISTENT_FORM_DATA" : null
      }, {
        "ID" : 5000836,
        "AUTHORIZATION_BUSINESS_DATE" : "2017-01-23T18:30:00Z",
        "CREATED_BY_URI" : "com.nucleus.user.User:9001",
        "CREATION_TIME_STAMP" : "2018-08-10T06:17:24Z",
        "LAST_UPDATED_BY_URI" : "com.nucleus.user.User:9001",
        "LAST_UPDATED_TIME_STAMP" : null,
        "PERSISTENCE_STATUS" : 0,
        "SNAPSHOT_RECORD" : 0,
        "SYSTEM_MODIFIABLE_ONLY" : 1,
        "UUID" : "21835035155208855-0.3550633129679156",
        "MAKE_BUSINESS_DATE" : "2017-01-23T18:30:00Z",
        "TENANT_ID" : 505,
        "ENTITY_VERSION_ID" : 0,
        "ADVANCE_PREPAY_FLAG" : "N",
        "BILLEDDATE" : null,
        "CALCULATED_INTEREST_AMOUNT" : null,
        "CLOSING_PRINCIPAL" : 25857,
        "DUEDATE" : "2017-07-24T18:30:00Z",
        "BILLED_FLAG" : "N",
        "EFFECTIVE_INSTL_AMT" : null,
        "EFFECTIVE_INTEREST_RATE" : 10.85,
        "EMI_PEMI_FLAG" : "E",
        "INSTALMENT_AMOUNT" : 4448,
        "INSTALLMENT_INDICATOR" : "NA",
        "INSTALMENT_NUMBER" : 6,
        "INTEREST_COMPONENT" : 272,
        "LOANID" : 5000034,
        "INTEREST_DAYS" : 30,
        "BALANCE_PRINCIPAL" : 30033,
        "PRINCIPAL_COMPONENT" : 4176,
        "TDS_AMT" : null,
        "TDS_RATE" : null,
        "VAPID" : 0,
        "PERSISTENT_FORM_DATA" : null
      }, {
        "ID" : 5000837,
        "AUTHORIZATION_BUSINESS_DATE" : "2017-01-23T18:30:00Z",
        "CREATED_BY_URI" : "com.nucleus.user.User:9001",
        "CREATION_TIME_STAMP" : "2018-08-10T06:17:24Z",
        "LAST_UPDATED_BY_URI" : "com.nucleus.user.User:9001",
        "LAST_UPDATED_TIME_STAMP" : null,
        "PERSISTENCE_STATUS" : 0,
        "SNAPSHOT_RECORD" : 0,
        "SYSTEM_MODIFIABLE_ONLY" : 1,
        "UUID" : "21835035155227933-0.26687340805306714",
        "MAKE_BUSINESS_DATE" : "2017-01-23T18:30:00Z",
        "TENANT_ID" : 505,
        "ENTITY_VERSION_ID" : 0,
        "ADVANCE_PREPAY_FLAG" : "N",
        "BILLEDDATE" : null,
        "CALCULATED_INTEREST_AMOUNT" : null,
        "CLOSING_PRINCIPAL" : 21643,
        "DUEDATE" : "2017-08-24T18:30:00Z",
        "BILLED_FLAG" : "N",
        "EFFECTIVE_INSTL_AMT" : null,
        "EFFECTIVE_INTEREST_RATE" : 10.85,
        "EMI_PEMI_FLAG" : "E",
        "INSTALMENT_AMOUNT" : 4448,
        "INSTALLMENT_INDICATOR" : "NA",
        "INSTALMENT_NUMBER" : 7,
        "INTEREST_COMPONENT" : 234,
        "LOANID" : 5000034,
        "INTEREST_DAYS" : 30,
        "BALANCE_PRINCIPAL" : 25857,
        "PRINCIPAL_COMPONENT" : 4214,
        "TDS_AMT" : null,
        "TDS_RATE" : null,
        "VAPID" : 0,
        "PERSISTENT_FORM_DATA" : null
      }, {
        "ID" : 5000838,
        "AUTHORIZATION_BUSINESS_DATE" : "2017-01-23T18:30:00Z",
        "CREATED_BY_URI" : "com.nucleus.user.User:9001",
        "CREATION_TIME_STAMP" : "2018-08-10T06:17:24Z",
        "LAST_UPDATED_BY_URI" : "com.nucleus.user.User:9001",
        "LAST_UPDATED_TIME_STAMP" : null,
        "PERSISTENCE_STATUS" : 0,
        "SNAPSHOT_RECORD" : 0,
        "SYSTEM_MODIFIABLE_ONLY" : 1,
        "UUID" : "21835035155246867-0.658594049593757",
        "MAKE_BUSINESS_DATE" : "2017-01-23T18:30:00Z",
        "TENANT_ID" : 505,
        "ENTITY_VERSION_ID" : 0,
        "ADVANCE_PREPAY_FLAG" : "N",
        "BILLEDDATE" : null,
        "CALCULATED_INTEREST_AMOUNT" : null,
        "CLOSING_PRINCIPAL" : 17391,
        "DUEDATE" : "2017-09-24T18:30:00Z",
        "BILLED_FLAG" : "N",
        "EFFECTIVE_INSTL_AMT" : null,
        "EFFECTIVE_INTEREST_RATE" : 10.85,
        "EMI_PEMI_FLAG" : "E",
        "INSTALMENT_AMOUNT" : 4448,
        "INSTALLMENT_INDICATOR" : "NA",
        "INSTALMENT_NUMBER" : 8,
        "INTEREST_COMPONENT" : 196,
        "LOANID" : 5000034,
        "INTEREST_DAYS" : 30,
        "BALANCE_PRINCIPAL" : 21643,
        "PRINCIPAL_COMPONENT" : 4252,
        "TDS_AMT" : null,
        "TDS_RATE" : null,
        "VAPID" : 0,
        "PERSISTENT_FORM_DATA" : null
      }, {
        "ID" : 5000839,
        "AUTHORIZATION_BUSINESS_DATE" : "2017-01-23T18:30:00Z",
        "CREATED_BY_URI" : "com.nucleus.user.User:9001",
        "CREATION_TIME_STAMP" : "2018-08-10T06:17:24Z",
        "LAST_UPDATED_BY_URI" : "com.nucleus.user.User:9001",
        "LAST_UPDATED_TIME_STAMP" : null,
        "PERSISTENCE_STATUS" : 0,
        "SNAPSHOT_RECORD" : 0,
        "SYSTEM_MODIFIABLE_ONLY" : 1,
        "UUID" : "21835035155265779-0.28473325410120043",
        "MAKE_BUSINESS_DATE" : "2017-01-23T18:30:00Z",
        "TENANT_ID" : 505,
        "ENTITY_VERSION_ID" : 0,
        "ADVANCE_PREPAY_FLAG" : "N",
        "BILLEDDATE" : null,
        "CALCULATED_INTEREST_AMOUNT" : null,
        "CLOSING_PRINCIPAL" : 13101,
        "DUEDATE" : "2017-10-24T18:30:00Z",
        "BILLED_FLAG" : "N",
        "EFFECTIVE_INSTL_AMT" : null,
        "EFFECTIVE_INTEREST_RATE" : 10.85,
        "EMI_PEMI_FLAG" : "E",
        "INSTALMENT_AMOUNT" : 4448,
        "INSTALLMENT_INDICATOR" : "NA",
        "INSTALMENT_NUMBER" : 9,
        "INTEREST_COMPONENT" : 158,
        "LOANID" : 5000034,
        "INTEREST_DAYS" : 30,
        "BALANCE_PRINCIPAL" : 17391,
        "PRINCIPAL_COMPONENT" : 4290,
        "TDS_AMT" : null,
        "TDS_RATE" : null,
        "VAPID" : 0,
        "PERSISTENT_FORM_DATA" : null
      }, {
        "ID" : 5000840,
        "AUTHORIZATION_BUSINESS_DATE" : "2017-01-23T18:30:00Z",
        "CREATED_BY_URI" : "com.nucleus.user.User:9001",
        "CREATION_TIME_STAMP" : "2018-08-10T06:17:24Z",
        "LAST_UPDATED_BY_URI" : "com.nucleus.user.User:9001",
        "LAST_UPDATED_TIME_STAMP" : null,
        "PERSISTENCE_STATUS" : 0,
        "SNAPSHOT_RECORD" : 0,
        "SYSTEM_MODIFIABLE_ONLY" : 1,
        "UUID" : "21835035155284666-0.8216546233728861",
        "MAKE_BUSINESS_DATE" : "2017-01-23T18:30:00Z",
        "TENANT_ID" : 505,
        "ENTITY_VERSION_ID" : 0,
        "ADVANCE_PREPAY_FLAG" : "N",
        "BILLEDDATE" : null,
        "CALCULATED_INTEREST_AMOUNT" : null,
        "CLOSING_PRINCIPAL" : 8772,
        "DUEDATE" : "2017-11-24T18:30:00Z",
        "BILLED_FLAG" : "N",
        "EFFECTIVE_INSTL_AMT" : null,
        "EFFECTIVE_INTEREST_RATE" : 10.85,
        "EMI_PEMI_FLAG" : "E",
        "INSTALMENT_AMOUNT" : 4448,
        "INSTALLMENT_INDICATOR" : "NA",
        "INSTALMENT_NUMBER" : 10,
        "INTEREST_COMPONENT" : 119,
        "LOANID" : 5000034,
        "INTEREST_DAYS" : 30,
        "BALANCE_PRINCIPAL" : 13101,
        "PRINCIPAL_COMPONENT" : 4329,
        "TDS_AMT" : null,
        "TDS_RATE" : null,
        "VAPID" : 0,
        "PERSISTENT_FORM_DATA" : null
      }, {
        "ID" : 5000841,
        "AUTHORIZATION_BUSINESS_DATE" : "2017-01-23T18:30:00Z",
        "CREATED_BY_URI" : "com.nucleus.user.User:9001",
        "CREATION_TIME_STAMP" : "2018-08-10T06:17:24Z",
        "LAST_UPDATED_BY_URI" : "com.nucleus.user.User:9001",
        "LAST_UPDATED_TIME_STAMP" : null,
        "PERSISTENCE_STATUS" : 0,
        "SNAPSHOT_RECORD" : 0,
        "SYSTEM_MODIFIABLE_ONLY" : 1,
        "UUID" : "21835035155303630-0.8079895196334693",
        "MAKE_BUSINESS_DATE" : "2017-01-23T18:30:00Z",
        "TENANT_ID" : 505,
        "ENTITY_VERSION_ID" : 0,
        "ADVANCE_PREPAY_FLAG" : "N",
        "BILLEDDATE" : null,
        "CALCULATED_INTEREST_AMOUNT" : null,
        "CLOSING_PRINCIPAL" : 4404,
        "DUEDATE" : "2017-12-24T18:30:00Z",
        "BILLED_FLAG" : "N",
        "EFFECTIVE_INSTL_AMT" : null,
        "EFFECTIVE_INTEREST_RATE" : 10.85,
        "EMI_PEMI_FLAG" : "E",
        "INSTALMENT_AMOUNT" : 4448,
        "INSTALLMENT_INDICATOR" : "NA",
        "INSTALMENT_NUMBER" : 11,
        "INTEREST_COMPONENT" : 80,
        "LOANID" : 5000034,
        "INTEREST_DAYS" : 30,
        "BALANCE_PRINCIPAL" : 8772,
        "PRINCIPAL_COMPONENT" : 4368,
        "TDS_AMT" : null,
        "TDS_RATE" : null,
        "VAPID" : 0,
        "PERSISTENT_FORM_DATA" : null
      }, {
        "ID" : 5000842,
        "AUTHORIZATION_BUSINESS_DATE" : "2017-01-23T18:30:00Z",
        "CREATED_BY_URI" : "com.nucleus.user.User:9001",
        "CREATION_TIME_STAMP" : "2018-08-10T06:17:24Z",
        "LAST_UPDATED_BY_URI" : "com.nucleus.user.User:9001",
        "LAST_UPDATED_TIME_STAMP" : null,
        "PERSISTENCE_STATUS" : 0,
        "SNAPSHOT_RECORD" : 0,
        "SYSTEM_MODIFIABLE_ONLY" : 1,
        "UUID" : "21835035155322632-0.44080019737592724",
        "MAKE_BUSINESS_DATE" : "2017-01-23T18:30:00Z",
        "TENANT_ID" : 505,
        "ENTITY_VERSION_ID" : 0,
        "ADVANCE_PREPAY_FLAG" : "N",
        "BILLEDDATE" : null,
        "CALCULATED_INTEREST_AMOUNT" : null,
        "CLOSING_PRINCIPAL" : 0,
        "DUEDATE" : "2018-01-24T18:30:00Z",
        "BILLED_FLAG" : "N",
        "EFFECTIVE_INSTL_AMT" : null,
        "EFFECTIVE_INTEREST_RATE" : 10.85,
        "EMI_PEMI_FLAG" : "E",
        "INSTALMENT_AMOUNT" : 4444,
        "INSTALLMENT_INDICATOR" : "NA",
        "INSTALMENT_NUMBER" : 12,
        "INTEREST_COMPONENT" : 40,
        "LOANID" : 5000034,
        "INTEREST_DAYS" : 30,
        "BALANCE_PRINCIPAL" : 4404,
        "PRINCIPAL_COMPONENT" : 4404,
        "TDS_AMT" : null,
        "TDS_RATE" : null,
        "VAPID" : 0,
        "PERSISTENT_FORM_DATA" : null
      } ],
      "loan_additional_info" : {
        "ID" : 5000037,
        "AUTHORIZATION_BUSINESS_DATE" : "2017-01-23T18:30:00Z",
        "CREATED_BY_URI" : "com.nucleus.user.User:5000023",
        "CREATION_TIME_STAMP" : "2018-08-10T06:17:24Z",
        "LAST_UPDATED_BY_URI" : "com.nucleus.user.User:5000023",
        "LAST_UPDATED_TIME_STAMP" : "2018-08-10T06:48:42Z",
        "PERSISTENCE_STATUS" : 0,
        "SNAPSHOT_RECORD" : 0,
        "SYSTEM_MODIFIABLE_ONLY" : 1,
        "UUID" : "21835034961713019-0.3833762676657094",
        "MAKE_BUSINESS_DATE" : "2017-01-23T18:30:00Z",
        "TENANT_ID" : 505,
        "ENTITY_VERSION_ID" : 4,
        "ACTIVITY_ID" : null,
        "ALTERNATE_CHANNEL_MODE" : 111,
        "AUTOCLOSURE_ATTEMPTS" : null,
        "BT_ADJUST_AMOUNT_AT_DISBURSAL" : 0,
        "BT_FLAG" : null,
        "BENEFICIARY_ACCOUNT_NO" : null,
        "BENEFICIARY_AC_TYPE_ID" : null,
        "CAPITALIZE_INT_AMT" : 0,
        "CHARGE_SEPERATELY_DATE" : null,
        "CLOSURE_CANCELLATION_TXN_DATE" : null,
        "CONTRACT_CHARGES_APPLICABLE" : 0,
        "CURRENT_LIMIT_TRACKING_STATUS" : null,
        "CURTAILMENT_AMOUNT" : 0,
        "CURTAILMENT_FLAG" : 0,
        "CUSTOMER_TYPE" : "individual",
        "DSA_CODE" : null,
        "DSA_NAME" : null,
        "DSE_CODE" : null,
        "DSE_NAME" : null,
        "DAS_FLAG" : null,
        "DEPOSIT_LINKED_ACCOUNT" : null,
        "DIVISION_ID" : null,
        "DSA_ID" : 0,
        "ECM_CASE_ID" : null,
        "ECM_CASE_NUMBER" : null,
        "EFFECTIVE_TDS_RATE_DATE" : null,
        "EMPLOYEE_CONTACT_NO" : "9289759827",
        "EMPLOYEE_NAME" : "Viveka Nand Jha",
        "EMPLOYEE_NO" : "10198",
        "GAP_INT_CAPITALIZE_DATE" : null,
        "GAP_INTEREST_TREATMENT_TYPE" : null,
        "GROUP_ID" : null,
        "LAST_PAYMENT_MODE" : null,
        "LAST_PAYMENT_SUB_MODE" : null,
        "LAST_PROV_SECURITIZED_DEALID" : null,
        "LIMIT_REFERENCE_NO" : null,
        "LOAN_ACCRUED_AMT" : 0,
        "LOAN_BILLED_INT_AMT" : 0,
        "NAME" : null,
        "EMAIL_ADDRESS" : null,
        "PHONE_NUMBER" : null,
        "POSITION" : null,
        "SALUTATION_TYPE_ID" : null,
        "LOANID" : 5000034,
        "LOAN_PURPOSE" : null,
        "MORATORIUM_INT_AMT" : 0,
        "MORATORIUM_REVIEW_PROCESSED" : null,
        "MORATORIUM_TREATMENT_TYPE" : null,
        "NO_INTEREST_AMT" : 0,
        "OCCUPATION_ID" : null,
        "PAST_TENURE" : 0,
        "PREVIOUS_DAYS_PAST_DUE" : 0,
        "PRIN_RECOVERY_DISBURSAL_ID" : 5000037,
        "PRIN_RECOVERY_REQ_DATE" : "2016-12-31T18:30:00Z",
        "PRIN_RECOVERY_STARTED" : 1,
        "PROMOTION_CODE" : null,
        "PROMOTION_DESCRIPTION" : null,
        "RATE_TREATMENT_ON_DISBURSAL" : 515115,
        "REBOOK_REF_LOAN_ACC_NO" : null,
        "RECOVERY_SUBTYPE_ID" : 600347,
        "SOURCING_BRANCH_ID" : 5,
        "SOURCING_CHANNEL" : 7002,
        "SOURCING_RMNAME" : "Viveka",
        "SOURCING_SUPERVISORNAME" : "Viveka",
        "STAFF_LOAN_FLAG" : null,
        "WL_STORED_DOCUMENT_ID" : 5000332,
        "SUB_DIVISION_ID" : null,
        "SUB_PRODUCT_DESC" : null,
        "SUBSIDY_LOCKIN_PERIOD_MONTHS" : null,
        "SUBSIDY_MARKING_DATE" : null,
        "SUBSIDY_TYPE" : null,
        "SUBVENTION_FLAG" : "N",
        "TDS_EFFECTIVE_DATE" : null,
        "TDS_REMOVAL_DATE" : null,
        "TIERED_RATE_TYPE" : 1234,
        "UTILIZATION_DISTRICT_ID" : null,
        "UTILIZATION_TALUKA_ID" : null,
        "PERSISTENT_FORM_DATA" : null,
        "BENEFICIARY_IFSC_CODE" : null,
        "BENEFICIARY_BANK_BRANCH_MST_ID" : null
      },
      "payment_details" : [ {
        "ID" : 5000169,
        "AUTHORIZATION_BUSINESS_DATE" : "2017-01-23T18:30:00Z",
        "CREATED_BY_URI" : "com.nucleus.user.User:5000023",
        "CREATION_TIME_STAMP" : "2018-08-10T06:17:24Z",
        "LAST_UPDATED_BY_URI" : "com.nucleus.user.User:9001",
        "LAST_UPDATED_TIME_STAMP" : "2018-08-10T06:17:24Z",
        "PERSISTENCE_STATUS" : 0,
        "SNAPSHOT_RECORD" : 0,
        "SYSTEM_MODIFIABLE_ONLY" : 1,
        "UUID" : "21835035184086382-0.42284619597257367",
        "MAKE_BUSINESS_DATE" : "2017-01-23T18:30:00Z",
        "TENANT_ID" : 505,
        "ENTITY_VERSION_ID" : 2,
        "LOAN_ACCOUNT_NO" : "PLBAPLLONS000005000034",
        "ACTION_DATE" : null,
        "ALLOCATION_LEVEL" : "C",
        "ALLOCATION_TOWARDS_CUSTOMER" : null,
        "APPLICATIONID" : null,
        "AUTO_ALLOCATION_FLAG" : "N",
        "BANK_RECONCILED" : 51121,
        "BENEFICIARY_ACNO" : null,
        "BENEFICIARY_AC_TYPE" : null,
        "RETURN_REASON_MST_ID" : null,
        "BPTYPE_ID" : 2890,
        "BULK_CLEARANCE_AMOUNT" : null,
        "BULK_CLEARANCE_REF" : null,
        "BULK_CLEARANCE_REFDATE" : null,
        "BUSINESSPARTNER_ID" : null,
        "CANCEL_REASON_MST_ID" : null,
        "CANCELLATION_REF_ID" : null,
        "SOURCE_TXN_REFERENCE_NO" : null,
        "CREDIT_DEBIT_CARD" : null,
        "CLEARING_HOUSE_MST_ID" : null,
        "CURRENCY_MST_ID" : 42001,
        "CUSTOMER_NO" : "GLBCUST00000000001",
        "DOWNLOAD_BATCHID" : -1,
        "DRAWER_NAME" : null,
        "DRAWNON" : null,
        "DATA_JSON_STRING" : null,
        "MODEL_META_DATA_ID" : null,
        "PLACEHOLDER_ID" : null,
        "UI_META_DATA_ID" : null,
        "EXTERNAL_DOWNLOAD_BATCHID" : null,
        "FILE_NUMBER" : null,
        "FINAL_ALLOCATION_DONE_FLAG" : "Y",
        "HOLD_DATE" : null,
        "DEPOSITOR_NAME" : null,
        "IDENTIFICATION_NUMBER" : null,
        "IDENTIFICATION_TYPE" : null,
        "INSTRUMENT_DATE" : "2016-12-31T18:30:00Z",
        "INSTRUMENT_REF_NUM" : "55644",
        "KNOCKOFF_REFERENCE_ID" : null,
        "LOAN_BRANCHID" : 5,
        "LOANID" : 5000034,
        "MC_STATUS" : "A",
        "MANDATEID" : null,
        "MANUALY_ALLOCATED_FLAG" : "Y",
        "BANK_BRANCH_MST_ID" : null,
        "BANK_MST_ID" : null,
        "CITY_MST_ID" : null,
        "IFSC_CODE" : null,
        "BANK_IDENTIFICATION_CODE" : null,
        "MICR_NONMICR_FLAG" : null,
        "MODULEID" : "LMS",
        "PARTY_REF_NO" : null,
        "PARTY_TYPE" : null,
        "PAYIN_SLIP_ID" : null,
        "PAYIN_SLIP_REFERENCE" : null,
        "PAYMENT_ACCOUNT_ID" : null,
        "IGNORE_FOR_DOWNLOAD" : "N",
        "INFAVOUROF" : "asd",
        "PAYMENT_INTERFACE_METHOD" : "N",
        "PAYMENT_SUB_MODE" : null,
        "PMD_FLAG" : "N",
        "RCPT_PMNT_UPLOAD_BATCHID" : null,
        "PRESENTATION_BATCHID" : null,
        "PRESENTATION_RUN_DATE" : null,
        "PRINTING_BRANCHID" : 5,
        "PRODUCT_BATCHGROUP_ID" : null,
        "PRODUCTID" : 5000007,
        "RECEIPT_AGAINST" : 51127,
        "BOUNCEX_AUTH_BUSINESSDATE" : null,
        "BOUNCEX_AUTH_DATE" : null,
        "BOUNCEX_AUTHID" : null,
        "BOUNCE_CANCEL_DATE" : null,
        "BOUNCEX_MAKE_BUSINESSDATE" : null,
        "BOUNCEX_MAKE_DATE" : null,
        "BOUNCEX_MAKERID" : null,
        "DEALINGBANK_MST_ID" : 5000000,
        "DEPOSIT_AUTH_BUSINESSDATE" : null,
        "DEPOSIT_AUTH_DATE" : null,
        "DEPOSIT_AUTHID" : null,
        "DEPOSITDATE" : null,
        "DEPOSIT_MAKE_BUSINESSDATE" : null,
        "DEPOSIT_MAKE_DATE" : null,
        "DEPOSIT_MAKERID" : null,
        "RECEIPT_NO" : null,
        "TRANSACTION_AMOUNT" : 50000,
        "BIN_NUMBER" : null,
        "CUSTODIAN_ID" : null,
        "DUEDATE" : null,
        "INSTRUMENT_PURPOSE" : null,
        "INSTRUMENT_TYPE" : null,
        "PRESENTATION_DATE" : null,
        "PAYMENTMODE" : 2669,
        "RECEIPTPAYMENT_TYPE" : 50021,
        "RECEIPT_CHANNEL" : null,
        "RECEIPT_PURPOSE" : 515019,
        "REALIZATIONDATE" : "2016-12-31T18:30:00Z",
        "REALIZE_AUTH_BUSINESSDATE" : "2017-01-23T18:30:00Z",
        "REALIZE_AUTH_DATE" : "2018-08-10T06:17:24Z",
        "REALIZE_AUTHID" : "com.nucleus.user.User:5000023",
        "REALIZE_MAKE_BUSINESSDATE" : "2017-01-23T18:30:00Z",
        "REALIZE_MAKE_DATE" : "2018-08-10T06:17:24Z",
        "REALIZE_MAKERID" : "com.nucleus.user.User:5000023",
        "REJECT_CANCEL_DELETE_INDICATOR" : null,
        "REMARKS" : null,
        "REPRESENT_FLAG" : 51121,
        "REQUEST_CHANNEL" : 51292,
        "REVERSAL_ALLOWED" : "N",
        "SERVICE_REQUEST_ID" : null,
        "SOURCE_ACCOUNT_NO" : null,
        "SOURCE_PAYMENT_REF_NUM" : 564388833,
        "STALE_MARKED" : null,
        "STATUS" : "S",
        "THRESHOLD_CROSSED" : null,
        "TXN_BRANCHID" : 5,
        "TXN_CURRENCY_MST_ID" : 42001,
        "TRANSACTION_DATE" : "2017-01-23T18:30:00Z",
        "TRANSANCTION_REFERENCEID" : 5000176,
        "TXN_STATUS_IN_UPLOAD" : null,
        "TXN_VALUE_DATE" : "2016-12-31T18:30:00Z",
        "UNHOLD_DATE" : null,
        "UPLOAD_BATCHID" : -1,
        "VAPID" : null,
        "PERSISTENT_FORM_DATA" : null
      } ],
      "advice_details" : [ {
        "ID" : 5000240,
        "AUTHORIZATION_BUSINESS_DATE" : "2017-01-23T18:30:00Z",
        "CREATED_BY_URI" : "com.nucleus.user.User:9001",
        "CREATION_TIME_STAMP" : "2018-08-10T06:17:24Z",
        "LAST_UPDATED_BY_URI" : "com.nucleus.user.User:5000023",
        "LAST_UPDATED_TIME_STAMP" : "2018-08-10T06:17:24Z",
        "PERSISTENCE_STATUS" : 0,
        "SNAPSHOT_RECORD" : 0,
        "SYSTEM_MODIFIABLE_ONLY" : 1,
        "UUID" : "21835035182210228-0.8033099292579582",
        "MAKE_BUSINESS_DATE" : "2017-01-23T18:30:00Z",
        "TENANT_ID" : 505,
        "ENTITY_VERSION_ID" : 2,
        "REASON_MST_ID" : null,
        "ADJUST_AT_DISBURSEMENT_FLAG" : "N",
        "ALLOCATEDAMT" : 50000,
        "AMTINPROCESS" : 0,
        "AUTHORIZED_BY_URI" : null,
        "BPTYPE_ID" : 2890,
        "BUSINESSPARTNER_ID" : null,
        "CANCELLATION_REF_ID" : null,
        "CAPITALIZE_FLAG" : "N",
        "CHARGECODE" : 2,
        "CHARGECODE_MST_ID" : 2,
        "CHARGE_MST_ID" : 265,
        "CURRENCY_MST_ID" : 42001,
        "CUSTOMER_NO" : "GLBCUST00000000001",
        "DUEDATE" : "2016-12-31T18:30:00Z",
        "DUE_TYPE" : null,
        "DATA_JSON_STRING" : null,
        "MODEL_META_DATA_ID" : null,
        "PLACEHOLDER_ID" : null,
        "UI_META_DATA_ID" : null,
        "INCLUSIVE_EXCLUSIVE_FLAG" : null,
        "INTEREST_COMPONENT" : 0,
        "INTCOMP_RECEIVED" : 0,
        "INTEREST_SUSPENDED_FLAG" : "N",
        "LPI_DATE" : null,
        "LOANID" : 5000034,
        "LPF_AMOUNT" : 0,
        "LPF_FLAG" : "N",
        "LPF_TAXABLE_AMOUNT" : 0,
        "LPI_AMOUNT" : 0,
        "LPI_FLAG" : "N",
        "LPI_OFFSET_AMOUNT" : 0,
        "LPI_TAXABLE_AMOUNT" : 0,
        "LPP_REVERSAL_AMOUNT" : null,
        "NORMALIZED_RATE" : null,
        "ORIGINALAMT" : 50000,
        "PRINCIPAL_COMPONENT" : 0,
        "PRINCOMP_RECEIVED" : 0,
        "RECEIPTPAYMENTID" : null,
        "RECEIVABLE_PAYABLE_AMT" : 50000,
        "RECEIVABLE_PAYABLE_DATE" : "2017-01-23T18:30:00Z",
        "RECEIVABLE_PAYABLE_FLAG" : 61100,
        "REMARK" : null,
        "STATUS" : "A",
        "TAX_ALLOCATED_AMOUNT" : null,
        "TAX_AMOUNT" : null,
        "TAX_APPLICABLE" : null,
        "TAX_POLICYID" : null,
        "TAX_POLICY_NATURE" : null,
        "CHARGE_AMOUNT" : 50000,
        "TDS_AMT" : 0,
        "TDS_APPLICABLE" : null,
        "TDS_PAID_FLAG" : null,
        "TXN_BRANCHID" : 5,
        "TRANSACTIONID" : 5000037,
        "TRANSACTION_STAGE" : "A",
        "TRANSACTION_TYPE" : "A",
        "VAPID" : 0,
        "PERSISTENT_FORM_DATA" : null
      } ],
      "loan_mis_details" : {
        "ID" : 5000037,
        "AUTHORIZATION_BUSINESS_DATE" : null,
        "CREATED_BY_URI" : null,
        "CREATION_TIME_STAMP" : "2018-08-10T06:17:24Z",
        "LAST_UPDATED_BY_URI" : null,
        "LAST_UPDATED_TIME_STAMP" : "2018-08-10T06:48:42Z",
        "PERSISTENCE_STATUS" : 0,
        "SNAPSHOT_RECORD" : null,
        "SYSTEM_MODIFIABLE_ONLY" : null,
        "UUID" : null,
        "MAKE_BUSINESS_DATE" : "2018-08-10T06:17:24Z",
        "TENANT_ID" : 505,
        "ENTITY_VERSION_ID" : 3,
        "LOAN_ACCOUNT_NO" : "PLBAPLLONS000005000034",
        "ADDITIONAL_TDS_AMT" : 0,
        "ADVANCE_INSTL_AMT" : 0,
        "BILLED_ADVANCE_INSTL_AMT" : 0,
        "BILLED_BOUNCE_AMT" : 0,
        "BILLED_BOUNCE_TAX_AMT" : 0,
        "BILLED_CHARGE_SEPERATELY_AMT" : 0,
        "BILLED_VAP_COLL_AMT" : 0,
        "BILLED_VAP_COLL_TAX_AMT" : 0,
        "BILLED_INT_AMT" : 0,
        "BILLED_INT_WOFF_AMT" : 0,
        "BILLED_LPF_AMT" : 0,
        "BILLED_LPF_TAX_AMT" : 0,
        "BILLED_LPI_AMT" : 0,
        "BILLED_LPI_TAX_AMT" : 0,
        "BILLED_OTHERCHG_AMT" : 0,
        "BILLED_OTHERCHG_TAX_AMT" : 0,
        "BILLED_PRIN_AMT" : 0,
        "BILLED_PRIN_WOFF_AMT" : 0,
        "BILLED_TDS_AMT" : 0,
        "CASHBACK_PAY_ADJ_AMT" : 0,
        "CASHBACK_PAY_AMT" : 0,
        "CHARGE_SEPERATELY_AMT" : 0,
        "CONCESSION_AMT" : 0,
        "EXCESS_PAID_AMT" : 0,
        "FREQUENCY_ID" : 60005,
        "FUTURE_PRIN_AMT" : 50000,
        "FUTURE_PRIN_WOFF_AMT" : 0,
        "INVS_ADVANCE_INSTL_AMT" : 0,
        "INVS_BILLED_ADVANCE_INSTL_AMT" : 0,
        "INVS_BILLED_BOUNCE_AMT" : 0,
        "INVS_BILLED_BOUNCE_TAX_AMT" : 0,
        "INVS_BILLED_VAP_COLL_AMT" : 0,
        "INVS_BILLED_VAP_COLL_TAX_AMT" : 0,
        "INVS_BILLED_INT_AMT" : 0,
        "INVS_BILLED_INT_WOFF_AMT" : 0,
        "INVS_BILLED_LPF_AMT" : 0,
        "INVS_BILLED_LPF_TAX_AMT" : 0,
        "INVS_BILLED_LPI_AMT" : 0,
        "INVS_BILLED_LPI_TAX_AMT" : 0,
        "INVS_BILLED_OTHERCHG_AMT" : 0,
        "INVS_BILLED_OTHERCHG_TAX_AMT" : 0,
        "INVS_BILLED_PRIN_AMT" : 0,
        "INVS_BILLED_PRIN_WOFF_AMT" : 0,
        "INVS_BILLED_TDS_AMT" : 0,
        "INVS_FUTURE_PRIN_WOFF_AMT" : 0,
        "INVS_FUTURE_PRIN_AMT" : 0,
        "INVS_LPF_ADJUSTED_AMT" : 0,
        "INVS_LPF_ADJUSTED_TAX_AMT" : 0,
        "INVS_LPI_ADJUSTED_AMT" : 0,
        "INVS_LPI_ADJUSTED_TAX_AMT" : 0,
        "INVS_OVERDUE_BOUNCE_AMT" : 0,
        "INVS_OVERDUE_VAP_COLL_AMT" : 0,
        "INVS_OVERDUE_INT_AMT" : 0,
        "INVS_OVERDUE_LPF_AMT" : 0,
        "INVS_OVERDUE_LPI_AMT" : 0,
        "INVS_OVERDUE_OTHERCHG_AMT" : 0,
        "INVS_OVERDUE_PRIN_AMT" : 0,
        "INVS_PARTPREPAY_AMT" : 0,
        "INVS_PAYABLE_EXCESS_AMT" : 0,
        "INVS_PAYABLE_LPF_AMT" : 0,
        "INVS_PAYABLE_LPF_TAX_AMT" : 0,
        "INVS_PAYABLE_LPI_AMT" : 0,
        "INVS_PAYABLE_LPI_TAX_AMT" : 0,
        "INVS_PAYABLE_OTHERCHG_AMT" : 0,
        "INVS_PAYABLE_OTHERCHG_TAX_AMT" : 0,
        "INVS_PREPAY_PENALTY_AMT" : 0,
        "INVS_PREPAY_PENALTY_TAX_AMT" : 0,
        "INVS_PROV_INT_AMT" : 0,
        "INVS_PROV_MANUAL_INT_AMT" : 0,
        "INVS_PROV_MANUAL_PRIN_AMT" : 0,
        "INVS_PROV_PRIN_AMT" : 0,
        "INVS_RECD_BOUNCE_AMT" : 0,
        "INVS_RECD_BOUNCE_TAX_AMT" : 0,
        "INVS_RECD_VAP_COLL_AMT" : 0,
        "INVS_RECD_VAP_COLL_TAX_AMT" : 0,
        "INVS_RECD_INT_AMT" : 0,
        "INVS_RECD_LPF_AMT" : 0,
        "INVS_RECD_LPF_TAX_AMT" : 0,
        "INVS_RECD_LPI_AMT" : 0,
        "INVS_RECD_LPI_TAX_AMT" : 0,
        "INVS_RECD_OTHERCHG_AMT" : 0,
        "INVS_RECD_OTHERCHG_TAX_AMT" : 0,
        "INVS_RECD_PRIN_AMT" : 0,
        "INVS_STALE_MARKED_AMT" : 0,
        "INVS_TDS_PAID_AMT" : 0,
        "INVS_TOTAL_ACCRUED_AMT" : 0,
        "LOANID" : 5000034,
        "LPF_PAYABLE_ADJUSTED_AMT" : 0,
        "LPF_PAYABLE_ADJUSTED_TAX_AMT" : 0,
        "LPI_PAYABLE_ADJUSTED_AMT" : 0,
        "LPI_PAYABLE_ADJUSTED_TAX_AMT" : 0,
        "OVERDUE_BOUNCE_AMT" : 0,
        "OVERDUE_VAP_COLL_AMT" : 0,
        "OVERDUE_INT_AMT" : 0,
        "OVERDUE_LPF_AMT" : 0,
        "OVERDUE_LPI_AMT" : 0,
        "OVERDUE_OTHERCHG_AMT" : 0,
        "OVERDUE_PRIN_AMT" : 0,
        "OVERDUE_CAPITALIZE_AMT" : 0,
        "PARTPREPAY_AMT" : 0,
        "PAYABLE_EXCESS_AMT" : 0,
        "PAYABLE_LPF_AMT" : 0,
        "PAYABLE_LPF_TAX_AMT" : 0,
        "PAYABLE_LPI_AMT" : 0,
        "PAYABLE_LPI_TAX_AMT" : 0,
        "PAYABLE_OTHERCHG_AMT" : 0,
        "PAYABLE_OTHERCHG_TAX_AMT" : 0,
        "PREPAY_PENALTY_AMT" : 0,
        "PREPAY_PENALTY_TAX_AMT" : 0,
        "PROV_INT_AMT" : 0,
        "PROV_MANUAL_INT_AMT" : 0,
        "PROV_MANUAL_PRIN_AMT" : 0,
        "PROV_PRIN_AMT" : 7000,
        "RECD_BOUNCE_AMT" : 0,
        "RECD_BOUNCE_TAX_AMT" : 0,
        "RECD_CHARGE_SEPERATELY_AMT" : 0,
        "RECD_VAP_COLL_AMT" : 0,
        "RECD_VAP_COLL_TAX_AMT" : 0,
        "RECD_INT_AMT" : 0,
        "RECD_INT_ON_REINSTATE_NO" : 0,
        "RECD_LPF_AMT" : 0,
        "RECD_LPF_TAX_AMT" : 0,
        "RECD_LPI_AMT" : 0,
        "RECD_LPI_TAX_AMT" : 0,
        "RECD_OTHERCHG_AMT" : 0,
        "RECD_OTHERCHG_TAX_AMT" : 0,
        "RECD_PRIN_AMT" : 0,
        "STALE_MARKED_AMT" : 0,
        "SUBSIDY_AMT" : 0,
        "TDS_PAID_AMT" : 0,
        "TOTAL_ACCRUED_AMT" : 0,
        "TOTAL_IMD_RECEIPT_AMT" : 0,
        "TOTAL_CAPITALIZE_INT_AMT" : 0,
        "TOTAL_MORATORIUM_RCPT_AMT" : 0,
        "UNALLOC_SALE_CHG_AMT" : 0,
        "UNALLOC_CLOSURE_AMT" : 0,
        "UNALLOC_FEE_AND_CHG_AMT" : 0,
        "UNALLOC_INSTL_PREPAID_AMT" : 0,
        "UNALLOC_INT_PREPAID_AMT" : 0,
        "UNALLOC_LOAN_CANC_CHG_AMT" : 0,
        "UNALLOC_MORATORIUM_RCPT_AMT" : 0,
        "UNALLOC_PARTPREPAY_AMT" : 0,
        "UNALLOC_SUBSIDY_AMT" : 0,
        "PERSISTENT_FORM_DATA" : null
      },
      "loan_reschedule_details" : [ {
        "ID" : 5000114,
        "AUTHORIZATION_BUSINESS_DATE" : "2017-01-23T18:30:00Z",
        "CREATED_BY_URI" : "com.nucleus.user.User:9001",
        "CREATION_TIME_STAMP" : "2018-08-10T06:17:24Z",
        "LAST_UPDATED_BY_URI" : null,
        "LAST_UPDATED_TIME_STAMP" : "2018-08-10T06:17:24Z",
        "PERSISTENCE_STATUS" : 1,
        "SNAPSHOT_RECORD" : 0,
        "SYSTEM_MODIFIABLE_ONLY" : 1,
        "UUID" : "21835035097042673-0.6036126402921258",
        "MAKE_BUSINESS_DATE" : "2017-01-23T18:30:00Z",
        "TENANT_ID" : 505,
        "ENTITY_VERSION_ID" : 1,
        "ADDITIONAL_DISB_AMOUNT" : 0,
        "ADVANCE_INSTALMENT_AMT" : 0,
        "ANCHOR_MST_ID" : 5000000,
        "ANCHOR_RATE" : 13,
        "BALANCE_INSTALLMENTS" : 12,
        "BALANCE_INTEREST" : 0,
        "BALANCE_TENURE" : 12,
        "BALLOON_AMOUNT" : 0,
        "BATCH_ID" : null,
        "BROKEN_PERIOD_INTEREST_RATE" : 10.85,
        "CANCELLATION_REF_ID" : null,
        "CHANGE_TYPE" : 51453,
        "COMPUTED_PENALTY_WITHTAX_AMT" : null,
        "CLOSING_BAL_PRINCIPAL" : 50000,
        "CHARGED_PENALTY_AMT" : null,
        "COMPUTED_PENALTY_WITHTAX_RATE" : null,
        "COMPUTED_PENALTY_TAXAMT" : null,
        "CURRENT_RATE_TYPE_ID" : 60033,
        "DIFFERENTIAL_GAP_INT_AMOUNT" : 0,
        "DISPLAY_FLAG" : "Y",
        "STORED_DOCUMENT_ID" : null,
        "DATA_JSON_STRING" : null,
        "MODEL_META_DATA_ID" : null,
        "PLACEHOLDER_ID" : null,
        "UI_META_DATA_ID" : null,
        "EFFECTIVE_INSTL_AMT" : 4448,
        "EFFECTIVE_INTEREST_RATE" : 10.85,
        "EXCESS_AMOUNT_ADJUSTMENT" : 0,
        "TRANSACTION_REFERENCEID" : 5000037,
        "FREQUENCY" : 60005,
        "GAP_DAYS_INTEREST_AMOUNT" : 0,
        "GAP_INT_CAPITALIZE_AMT" : 0,
        "GAP_INT_CAPITALIZE_DAYS" : null,
        "GAP_INTEREST_DAYS" : null,
        "GAP_INT_TREATMENT_DATE" : null,
        "GAP_INTEREST_TREATMENT_TYPE" : null,
        "GRADED_BASED_ON" : null,
        "INSTALMENT_AMOUNT" : 4448,
        "INSTALLMENT_DUE_ADJUSTMENT" : 0,
        "INSTALMENT_MODE" : 60019,
        "INSTALMENT_TYPE" : 60029,
        "INTEREST_OFFSET_AMT" : null,
        "INTEREST_RATE" : 10.85,
        "INTEREST_STARTMONTH" : null,
        "INTEREST_TYPE" : 60022,
        "LAST_ACCRUAL_DATE" : null,
        "LAST_ANCHORRATE_REVISION_DATE" : null,
        "LAST_BILLING_DATE" : null,
        "LOANID" : 5000034,
        "LOCK_IN_PERIOD" : null,
        "MC_STATUS" : "A",
        "MATURITYDATE" : "2018-01-24T18:30:00Z",
        "MORATORIUM_END_DATE" : null,
        "MORATORIUM_START_DATE" : null,
        "MORATORIUM_TREATMENT_TYPE" : null,
        "MARKUP" : 2,
        "TENURE" : 12,
        "NEXT_ANCHORRATE_REVISION_DATE" : null,
        "NEXT_DUE_DATE" : null,
        "NO_ADVANCE_INSTALMENT" : 0,
        "NO_OF_MORATORIUM_INSTALLMENTS" : 0,
        "OPENING_BAL_PRINCIPAL" : 0,
        "ORIGINAL_PENALTY_WITHTAX_AMT" : null,
        "ORIGINAL_PENALTY_AMT" : null,
        "ORIGINAL_PENALTY_RATE" : null,
        "ORIGINAL_PENALTY_WITHTAX_RATE" : null,
        "ORIGINAL_PENALTY_TAXAMT" : null,
        "OTH_CHARGES_DUE_ADJUSTMENT" : 0,
        "PARENT_RESCHEDULE_ID" : null,
        "PART_PREPAY_AMOUNT" : 0,
        "PAYABLE_ADJUSTED_AMT" : 0,
        "PENALTY_CAPPED_FLAG" : null,
        "PENALTY_CHARGETYPE" : null,
        "PREPAY_AMOUNT" : 0,
        "PREPAY_PENALTY_RATE" : null,
        "PREV_GAP_DAYS_INT_AMOUNT" : 0,
        "PREV_GAP_INT_TREATMENT_DATE" : null,
        "PREV_ANCHOR_MST_ID" : null,
        "PREV_ANCHOR_RATE" : null,
        "PREV_BALANCE_INSTALLMENTS" : 0,
        "PREV_BALANCE_INTEREST" : 0,
        "PREV_BALANCE_TENURE" : null,
        "PREV_BALLOON_AMOUNT" : 0,
        "PREV_CANCELLATION_REF_ID" : null,
        "PREV_CURR_RATE_TYPE_ID" : null,
        "PREV_EFFECTIVE_INSTL_AMT" : 0,
        "PREV_EFFECTIVE_INT_RATE" : null,
        "PREV_FREQUENCY" : null,
        "PREV_INSTALMENT_AMOUNT" : 0,
        "PREV_INSTALMENT_TYPE" : null,
        "PREV_INTEREST_RATE" : null,
        "PREV_INTEREST_TYPE" : null,
        "PREV_LAST_RATE_REVISION_DATE" : null,
        "PREV_MATURITYDATE" : null,
        "PREV_MARKUP" : 0,
        "PREV_NEXT_RATE_REVISION_DATE" : null,
        "PREV_NO_OF_MORATORIUM_INSTL" : 0,
        "PREV_RATE_TYPE_ID" : null,
        "PREV_DUEDAY" : null,
        "PREV_TENURE" : null,
        "PREV_RATE_SLAB" : null,
        "PREV_TOTAL_COLLECTIBLE_AMOUNT" : null,
        "PREV_TOTAL_INSTALLMENT_AMOUNT" : 0,
        "PREV_TXN_RECTIFICATION_TYPE" : null,
        "RATE_TYPE_ID" : 60033,
        "REASON_MST_ID" : null,
        "REDUCE_AMOUNT" : 0,
        "REJECT_REASON_MST_ID" : null,
        "DUEDAY" : "25",
        "REPAY_EFFECTIVE_DATE" : "2016-12-31T18:30:00Z",
        "REQUEST_CHANNEL" : 51292,
        "REQUEST_ID" : null,
        "REQUEST_TYPE" : 51493,
        "RESCHEDULE_CHARGES" : 0,
        "TRANSACTION_TYPE" : "A",
        "RESCHEDULE_DESCRIPTION" : "Disbursal # 1.",
        "RESCH_EFFECTIVE_DATE" : "2016-12-31T18:30:00Z",
        "RESCHEDULING_INSTALLMENT_AMT" : null,
        "RESCH_TRANSACTION_DATE" : "2017-01-23T18:30:00Z",
        "SOURCE_OF_FUND" : null,
        "SPECIFIED_FLOWS" : 0,
        "SPECIFIED_INSTALMENT" : 0,
        "SPECIFIED_TENURE" : null,
        "RATE_SLAB" : null,
        "TOTAL_COLLECTIBLE_AMOUNT" : null,
        "TOTAL_INSTALLMENT_AMOUNT" : 4448,
        "TOTAL_PART_PREPAY_AMOUNT" : 0,
        "TXN_BRANCHID" : 5,
        "TXN_RECTIFICATION_TYPE" : null,
        "TXN_REQUEST_TYPE" : 51493,
        "VAPID" : 0,
        "PERSISTENT_FORM_DATA" : null
      } ]
    }
  },
  "id" : "5000034",
  "ruleResults" : [ {
    "ruleName" : "Autowired-com.nucleus.tools.datasanitizer.lms.DisbursalAmountRuleAutowired",
    "status" : "SUCCESS",
    "logs" : [ "Disbursed Amount matches with Disbusal Break Up." ]
  }, {
    "ruleName" : "r0002_repay_InstlAmtCheck",
    "status" : "SUCCESS",
    "logs" : [ "Principal + interest component is equal to installment amount for all the installments." ]
  }, {
    "ruleName" : "r0003_repay_NullVapId",
    "status" : "SUCCESS",
    "logs" : [ "VAP Id is not NULL in the Repayment Schedule." ]
  }, {
    "ruleName" : "r0004_repay_OpenClosePrinComp",
    "status" : "SUCCESS",
    "logs" : [ "Opening Principal – Principal Component = Closing principal for all the installments." ]
  }, {
    "ruleName" : "r0005_repay_PrevCloseCurBalPrin",
    "status" : "SUCCESS",
    "logs" : [ "Opening Principal is equal to the closing principal of previous installment." ]
  }, {
    "ruleName" : "r0006_repay_PrinCompLoanAmount",
    "status" : "SUCCESS",
    "logs" : [ "Loan Amount is equal to sum of principal component in the Repayment Schedule." ]
  }, {
    "ruleName" : "r0007_repay_InstlBillStopBillFlag",
    "status" : "FAILURE",
    "logs" : [ "Installment # 1 with DueDate : 25/02/2017 is not billed.", "Installment # 2 with DueDate : 25/03/2017 is not billed.", "Installment # 3 with DueDate : 25/04/2017 is not billed." ]
  }, {
    "ruleName" : "r0008_repay_InterestCalPRT100",
    "status" : "FAILURE",
    "logs" : [ "Calculated Interest and Interest Component mismatch for Installment # 1", "Calculated Interest and Interest Component mismatch for Installment # 2", "Calculated Interest and Interest Component mismatch for Installment # 3", "Calculated Interest and Interest Component mismatch for Installment # 4", "Calculated Interest and Interest Component mismatch for Installment # 5", "Calculated Interest and Interest Component mismatch for Installment # 6", "Calculated Interest and Interest Component mismatch for Installment # 7", "Calculated Interest and Interest Component mismatch for Installment # 8", "Calculated Interest and Interest Component mismatch for Installment # 9", "Calculated Interest and Interest Component mismatch for Installment # 10", "Calculated Interest and Interest Component mismatch for Installment # 11", "Calculated Interest and Interest Component mismatch for Installment # 12" ]
  } ]
}