{
  "inputFileName" : "5000051.ser",
  "rootObject" : {
    "id" : "5000051",
    "loan_account" : {
      "SYSTEM_DATE" : "2018-09-12T08:30:28Z",
      "BUSINESS_DATE" : "2017-05-14T18:30:00Z",
      "ID" : 5000051,
      "AUTHORIZATION_BUSINESS_DATE" : "2017-02-03T18:30:00Z",
      "CREATED_BY_URI" : "com.nucleus.user.User:9001",
      "CREATION_TIME_STAMP" : "2018-08-10T10:50:51Z",
      "LAST_UPDATED_BY_URI" : null,
      "LAST_UPDATED_TIME_STAMP" : "2018-08-28T14:48:17Z",
      "PERSISTENCE_STATUS" : 1,
      "SNAPSHOT_RECORD" : 0,
      "SYSTEM_MODIFIABLE_ONLY" : 1,
      "UUID" : "21851442255765464-0.43068184139829835",
      "MAKE_BUSINESS_DATE" : "2017-02-03T18:30:00Z",
      "TENANT_ID" : 505,
      "ENTITY_VERSION_ID" : 111,
      "LOAN_ACCOUNT_NO" : "EDBAEDLONS000005000051",
      "ACCOUNTING_CLASS_MST_ID" : 400027,
      "ACCOUNTING_IRR" : 10.85,
      "ACCRUAL_OFFSET_AMOUNT" : 0,
      "ACCRUAL_STOP_DATE" : null,
      "ADJUSTED_AMOUNT_AT_DISBURSAL" : 0,
      "LOAN_SANCTIONED_DATE" : "2016-12-31T18:30:00Z",
      "APPL_CANCEL_CNT" : 0,
      "APPLICATION_CHANNEL_ID" : 515288,
      "APPLICATION_CREATION_DATE" : "2016-12-31T18:30:00Z",
      "APPLICATION_FORMNO" : "405069",
      "APPLICATION_TYPE" : 61112,
      "ASSET_CLASS_MST_ID" : 1,
      "ASSET_CLASSIFICATION_TYPE" : 51171,
      "LOAN_ASSETCOST" : 0,
      "AUTHDATE" : "2018-08-10T10:50:51Z",
      "AUTHID" : "SYSTEM",
      "AUTO_MANUAL_CLASSIFY_FLAG" : "A",
      "LTV" : 0,
      "BRANCH_STATE_CODE" : "UP",
      "BUCKET" : 0,
      "CAPITALIZE_INTEREST" : null,
      "CHG_INT_DURING_MORATORIUM" : null,
      "CLOSURE_FREEZE_DATE" : null,
      "COBORROWER_GUARANTOR_EXISTS" : null,
      "COURSE_PERIOD" : null,
      "COURSE_START_FROM" : null,
      "CURRENCY_MST_ID" : 42001,
      "CURRENT_RATE_TYPE_ID" : 60032,
      "CUSTOMER_NAME" : "DeepakNCf Pathak",
      "CUSTOMER_NO" : "GLBCUST00000000006",
      "DAYS_PAST_DUE" : 0,
      "DEFERRAL_DAYS" : null,
      "DISBURSAL_DATE" : "2017-01-03T18:30:00Z",
      "DISBURSAL_STATUS_ID" : 2860,
      "DPD_STRING" : null,
      "ELIGIBLE_FOR_EOD_PROCESSING" : 0,
      "EMI_EFFECTIVE_FROMDATE" : "2016-12-31T18:30:00Z",
      "ENHANCED_AMOUNT" : 0,
      "EXTERNAL_ASSET_CLASS_MST_ID" : null,
      "EXTERNAL_NPA_DATE" : null,
      "FILENO" : "APPL00000032",
      "FINAL_SANCTIONED_AMOUNT" : 110000,
      "LOAN_AMOUNT" : 110000,
      "FIXED_TILL_DATE" : null,
      "FLOATING_FREQ_MONTHS" : null,
      "FREEZE_LOAN_FLAG" : "N",
      "GSTIN_APPLICABLE" : "N",
      "GSTIN_INTERSTATE_FLAG" : "Y",
      "HOST_CUSTOMER_INFO_FILE_NUMBER" : null,
      "INSTALMENT_BASED" : 60011,
      "INTEREST_LEVIED_TILL_DATE" : null,
      "INTEREST_SUSPENSION_DATE" : null,
      "INTEREST_SUSPENSION_FLAG" : "N",
      "LAST_ACCRUAL_DATE" : "2017-04-29T18:30:00Z",
      "LAST_ANCHORRATE_REVISION_DATE" : null,
      "LAST_CLASSIFICATION_DATE" : null,
      "LAST_BILLED_DUEDATE" : null,
      "LAST_CIBIL_EXTRACTION_DATE" : null,
      "LAST_DPD_DATE" : null,
      "LAST_DPD_PROCESS_DATE" : "2017-05-12T18:30:00Z",
      "LAST_DISBURSAL_DATE" : "2017-01-03T18:30:00Z",
      "LAST_LPF_DATE" : null,
      "LAST_LPI_DATE" : null,
      "LAST_MIS_SNAPSHOT_DATE" : "2017-05-12T18:30:00Z",
      "LAST_MIS_SNAPSHOT_REF_ID" : 5044018,
      "LAST_MANUAL_ASSET_CLASS_MST_ID" : null,
      "LAST_RATE_REVISION_DATE" : null,
      "LIMIT_TYPE" : null,
      "LOAN_AMOUNT_PAID" : 110000,
      "BRANCHID" : 5,
      "CANCEL_CLOSURE_DATE" : null,
      "CLOSURE_ELIGIBLE_DATE" : null,
      "GSTIN_TXN_REF_ID" : 5000055,
      "LOAN_IDENTIFICATION_ID" : null,
      "LOAN_IN_COLLECTION" : 0,
      "MARGINMONEY" : 0,
      "MATURITYDATE" : "2021-12-03T18:30:00Z",
      "MISFIELD_1" : null,
      "MISFIELD_2" : null,
      "MISFIELD_3" : null,
      "MISFIELD_4" : null,
      "MORATORIUM_END_DATE" : null,
      "MORATORIUM_TENURE_IMPACT" : null,
      "MORATORIUM_INT_COL_METHOD" : null,
      "MORATORIUM_PERIOD" : null,
      "MORATORIUM_START_DATE" : null,
      "MARKUP" : -2.15,
      "NEXT_ANCHORRATE_REVISION_DATE" : null,
      "NEXT_CYCLE_DUE_AMOUNT" : 168780,
      "NEXT_CYCLE_DUEDATE" : "2021-12-03T18:30:00Z",
      "NEXT_CYCLE_EFF_INSTL_AMT" : null,
      "NEXT_RATE_REVISION_DATE" : null,
      "NEXT_REPAY_AMOUNT" : 168780,
      "NEXT_REPAY_DUEDATE" : "2021-12-03T18:30:00Z",
      "NEXT_REPAY_EFF_AMOUNT" : null,
      "NOC_BLOCK_FLAG" : "N",
      "NOC_ISSUE_DATE" : null,
      "NPA_DATE" : null,
      "NUMBER_OF_INSTALMENT" : null,
      "NO_OF_INSTL_BILLED" : 0,
      "NO_OF_INSTL_UNBILLED" : 1,
      "ORIGINAL_EMI_AMOUNT" : 168780,
      "ORIGINAL_TENURE" : 60,
      "ORIGINATING_SYSTEM" : null,
      "PARTPREPAY_PENALTY" : 0,
      "PENAL_BILLED_AMOUNT" : 0,
      "PENAL_INTEREST_RATE" : 0,
      "PROCESSED_TILL_DATE" : "2017-05-12T18:30:00Z",
      "PRODUCT_CATEGORY_ID" : 8023,
      "PRODUCTID" : 5000028,
      "PRODUCT_TYPE_ID" : 40013,
      "PROVISION_BATCH_ID" : 5000350,
      "PSL_BASED_FLAG" : 0,
      "RATE_FIXED_FOR_MONTHS" : null,
      "RATE_TYPE_ID" : 60032,
      "REDUCED_AMOUNT" : 0,
      "ADVANCE_INSTALLMENT_FLOW_TYPE" : 7029,
      "ANCHOR_MST_ID" : 5000000,
      "ANCHOR_RATE" : 13,
      "BALLOON_AMOUNT" : 0,
      "BROKEN_PERIOD_DAYS" : null,
      "BROKEN_PERIOD_FLAG" : 60004,
      "BROKEN_PERIOD_INT_DAYS_METHOD" : null,
      "BROKEN_PERIOD_INT_CHG_TYPE" : null,
      "TENURE" : 60,
      "DAYS_PER_YEAR" : 60017,
      "DIFF_DAYS_METHOD" : 60014,
      "EFFECTIVE_INTEREST_RATE" : 10.85,
      "FREQUENCY" : 60005,
      "GRACE_INTEREST_CHARGE_ON_APR" : null,
      "GRACE_INTEREST_COMPOUND_FLAG" : null,
      "GRADED_BASED_ON" : null,
      "INSTALLMENT_COMPUTED_ON" : 51215,
      "INSTALMENT_MODE" : 60019,
      "INSTALLMENT_MULTIPLES_OF" : 1,
      "INSTALLMENT_ROUNDING_PRECISION" : 0,
      "INSTALMENT_ROUNDING" : 60023,
      "INSTALMENT_TYPE" : 60235,
      "INTEREST_FREE_DAYS" : 0,
      "INTEREST_MULTIPLES_OF" : 1,
      "INTEREST_ONLY_SCHEDULE_FLAG" : null,
      "INTEREST_RECOVERY_FREQUENCY" : 60005,
      "INTEREST_ROUNDING_PRECISION" : 0,
      "INTEREST_ROUNDING" : 60026,
      "INTEREST_START_DATE" : "2016-12-31T18:30:00Z",
      "INTEREST_TYPE" : 60022,
      "BOOKING_INTEREST_START_DATE" : "2016-12-31T18:30:00Z",
      "LOAN_GRADED_INSTALLMENT_FLAG" : 51121,
      "MULTI_RATE_FLAG" : null,
      "DISBURSAL_FLAG" : "S",
      "NO_ADVANCE_INSTALMENT" : 0,
      "ORIGINAL_INTEREST_RATE" : 10.85,
      "PEMI_TENURE_INCLUSIVE_FLAG" : 51327,
      "PRINCIPAL_RECOVERY_FREQUENCY" : 60005,
      "RATE_EMI_FLAG" : 7030,
      "INTEREST_RATE" : 10.85,
      "REPAY_POLICY_ID" : 5000005,
      "DUEDAY" : "4",
      "REPAYMENT_START_DATE" : "2021-12-03T18:30:00Z",
      "RESIDUAL_VALUE_RECOVERY_ON" : null,
      "RV_REC_INLAST_INSTALLMENT_FLAG" : null,
      "REPOSSESS_FLAG" : "N",
      "RESCHEDULING_DATE" : null,
      "RESCHEDULING_FLAG" : "N",
      "RESCHEDULING_INSTALLMENT_AMT" : 168780,
      "ORIGINAL_SANCTIONED_AMOUNT" : 110000,
      "SCHEMEID" : 5000032,
      "ASSET_SECURED_AMOUNT" : 0,
      "SECURITIZED_FLAG" : "N",
      "SECURITIZED_DEALID" : null,
      "SOURCE_APPLICATION_ID" : 5000066,
      "STOP_BILL_FLAG" : "N",
      "STOP_FRR_FLAG" : "N",
      "STOP_LPI_FLAG" : "N",
      "STATUS" : "A",
      "STOP_ACCRUAL_POST_MATURITY" : "N",
      "STOP_RESCHEDULING_FLAG" : null,
      "TDS_POLICY_ID" : null,
      "TENURETYPE" : "M",
      "MANUAL_INT_PROV_AMOUNT" : 0,
      "MANUAL_PRIN_PROV_AMOUNT" : 0,
      "TOTAL_INTEREST_AMOUNT" : 58780,
      "TOTAL_VAP_AMOUNT" : 0,
      "VAPID" : 0,
      "PERSISTENT_FORM_DATA" : null,
      "CONCURRENCY_ID" : 250040,
      "LOAN_ADDITIONAL_INFO_ID" : 5000054,
      "LOAN_MIS_ID" : 5000054,
      "disbursal_details" : {
        "ID" : 5000054,
        "AUTHORIZATION_BUSINESS_DATE" : "2017-02-03T18:30:00Z",
        "CREATED_BY_URI" : "com.nucleus.user.User:5000043",
        "CREATION_TIME_STAMP" : "2018-08-10T10:50:51Z",
        "LAST_UPDATED_BY_URI" : "com.nucleus.user.User:5000043",
        "LAST_UPDATED_TIME_STAMP" : "2018-08-10T10:50:51Z",
        "PERSISTENCE_STATUS" : 0,
        "SNAPSHOT_RECORD" : 0,
        "SYSTEM_MODIFIABLE_ONLY" : 1,
        "UUID" : "21851442307693794-0.23292280743757354",
        "MAKE_BUSINESS_DATE" : "2017-02-03T18:30:00Z",
        "TENANT_ID" : 505,
        "ENTITY_VERSION_ID" : 1,
        "LOAN_ACCOUNT_NO" : "EDBAEDLONS000005000051",
        "ANCHOR_MST_ID" : 5000000,
        "ANCHOR_RATE" : 13,
        "INTEREST_RATE" : 10.85,
        "CURRENCY_MST_ID" : 42001,
        "DISBURSAL_AMT" : 110000,
        "DISBURSAL_DATE" : "2017-01-03T18:30:00Z",
        "DISBURSAL_NO" : 1,
        "DISBURSAL_RATE" : 10.85,
        "DISBURSAL_REFERENCE_ID" : 5000001,
        "DISBURSAL_REMARKS" : null,
        "DISBURSAL_TXN_DATE" : "2017-02-03T18:30:00Z",
        "DISBURSAL_TYPE" : 420050,
        "ENHANCED_AMT" : 0,
        "FIRST_INSTALLMENT_DUE_DATE" : "2021-12-03T18:30:00Z",
        "CHANGE_TYPE" : null,
        "INTEREST_START_DATE" : "2016-12-31T18:30:00Z",
        "LOANID" : 5000051,
        "MORATORIUM_TREATMENT_TYPE" : null,
        "NET_MARKUP" : -2.15,
        "NO_OF_MORATORIUM_INSTALLMENTS" : null,
        "RATE_TYPE_ID" : 60032,
        "REDUCED_AMT" : 0,
        "REF_LOAN_ACCOUNT_NO" : null,
        "REF_HOST_SYSTEM" : 420048,
        "SANCTIONED_AMT" : 110000,
        "SOURCE_DISBURSAL_TXN_DATE" : "2018-08-09T18:30:00Z",
        "START_INSTALLMENT_RECOVERY" : 61082,
        "DISBURSAL_STATUS" : "A",
        "TRANCHE_ID" : null,
        "TXN_BRANCHID" : 5,
        "TRANSACTION_TYPE" : "A",
        "VAPID" : 0,
        "PERSISTENT_FORM_DATA" : null,
        "disbursal_details_breakup" : [ {
          "ID" : 5000054,
          "AUTHORIZATION_BUSINESS_DATE" : "2017-02-03T18:30:00Z",
          "CREATED_BY_URI" : "com.nucleus.user.User:5000043",
          "CREATION_TIME_STAMP" : "2018-08-10T10:50:51Z",
          "LAST_UPDATED_BY_URI" : "com.nucleus.user.User:5000043",
          "LAST_UPDATED_TIME_STAMP" : "2018-08-10T10:50:51Z",
          "PERSISTENCE_STATUS" : 0,
          "SNAPSHOT_RECORD" : 0,
          "SYSTEM_MODIFIABLE_ONLY" : 1,
          "UUID" : "21851442310427621-0.8145657026325201",
          "MAKE_BUSINESS_DATE" : "2017-02-03T18:30:00Z",
          "TENANT_ID" : 505,
          "ENTITY_VERSION_ID" : 1,
          "BPTYPE_ID" : 2890,
          "BUSINESSPARTNER_ID" : null,
          "CREDIT_DAYS" : null,
          "CURRENCY_MST_ID" : 42001,
          "CUSTOMER_NO" : "GLBCUST00000000006",
          "DISBURSAL_AMT" : 110000,
          "DISBURSALCHARGES_ADJUST_AMT" : 0,
          "DUES_ADJUST_AMT" : 0,
          "NET_DISBURSAL_AMT" : 110000,
          "ADDITIONAL_PAYABLE_AMT" : 0,
          "PAYABLE_ADJUST_AMT" : 0,
          "RETAIL_ADJUSTMENT" : "F",
          "DISBURSAL_STATUS" : "A",
          "PERSISTENT_FORM_DATA" : null,
          "DISBURSAL_ID" : 5000054
        } ]
      },
      "loan_repayment" : [ {
        "ID" : 5001409,
        "AUTHORIZATION_BUSINESS_DATE" : "2017-02-03T18:30:00Z",
        "CREATED_BY_URI" : "com.nucleus.user.User:5000043",
        "CREATION_TIME_STAMP" : "2018-08-10T10:50:51Z",
        "LAST_UPDATED_BY_URI" : "com.nucleus.user.User:5000043",
        "LAST_UPDATED_TIME_STAMP" : null,
        "PERSISTENCE_STATUS" : 0,
        "SNAPSHOT_RECORD" : 0,
        "SYSTEM_MODIFIABLE_ONLY" : 1,
        "UUID" : "21851442268886679-0.3344673540879477",
        "MAKE_BUSINESS_DATE" : "2017-02-03T18:30:00Z",
        "TENANT_ID" : 505,
        "ENTITY_VERSION_ID" : 0,
        "ADVANCE_PREPAY_FLAG" : "N",
        "BILLEDDATE" : null,
        "CALCULATED_INTEREST_AMOUNT" : null,
        "CLOSING_PRINCIPAL" : 0,
        "DUEDATE" : "2021-12-03T18:30:00Z",
        "BILLED_FLAG" : "N",
        "EFFECTIVE_INSTL_AMT" : null,
        "EFFECTIVE_INTEREST_RATE" : 10.85,
        "EMI_PEMI_FLAG" : "E",
        "INSTALMENT_AMOUNT" : 168780,
        "INSTALLMENT_INDICATOR" : "NA",
        "INSTALMENT_NUMBER" : 1,
        "INTEREST_COMPONENT" : 58780,
        "LOANID" : 5000051,
        "INTEREST_DAYS" : 1773,
        "BALANCE_PRINCIPAL" : 110000,
        "PRINCIPAL_COMPONENT" : 110000,
        "TDS_AMT" : null,
        "TDS_RATE" : null,
        "VAPID" : 0,
        "PERSISTENT_FORM_DATA" : null
      } ]
    }
  },
  "id" : "5000051",
  "ruleResults" : [ {
    "ruleName" : "Autowired-com.nucleus.tools.datasanitizer.lms.DisbursalAmountRuleAutowired",
    "status" : "SUCCESS",
    "logs" : [ "Disbursed Amount matches with Disbusal Break Up." ]
  }, {
    "ruleName" : "r0002_repay_InstlAmtCheck",
    "status" : "SUCCESS",
    "logs" : [ "Principal + interest component is equal to installment amount for all the installments." ]
  }, {
    "ruleName" : "r0003_repay_NullVapId",
    "status" : "SUCCESS",
    "logs" : [ "VAP Id is not NULL in the Repayment Schedule." ]
  }, {
    "ruleName" : "r0004_repay_OpenClosePrinComp",
    "status" : "SUCCESS",
    "logs" : [ "Opening Principal – Principal Component = Closing principal for all the installments." ]
  }, {
    "ruleName" : "r0005_repay_PrevCloseCurBalPrin",
    "status" : "SUCCESS",
    "logs" : [ "Opening Principal is equal to the closing principal of previous installment." ]
  }, {
    "ruleName" : "r0006_repay_PrinCompLoanAmount",
    "status" : "SUCCESS",
    "logs" : [ "Loan Amount is equal to sum of principal component in the Repayment Schedule." ]
  }, {
    "ruleName" : "r0007_repay_InstlBillStopBillFlag",
    "status" : "SUCCESS",
    "logs" : [ "All the installments with due dates less than the business date are billed." ]
  }, {
    "ruleName" : "r0008_repay_InterestCalPRT100",
    "status" : "FAILURE",
    "logs" : [ "Calculated Interest and Interest Component mismatch for Installment # 1" ]
  } ]
}