{
  "inputFileName" : "5000006.ser",
  "rootObject" : {
    "id" : "5000006",
    "loan_account" : {
      "SYSTEM_DATE" : "2018-09-18T04:33:05Z",
      "BUSINESS_DATE" : "2017-05-14T18:30:00Z",
      "ID" : 5000006,
      "AUTHORIZATION_BUSINESS_DATE" : "2016-12-31T18:30:00Z",
      "CREATED_BY_URI" : "com.nucleus.user.User:9001",
      "CREATION_TIME_STAMP" : "2018-08-08T05:26:23Z",
      "LAST_UPDATED_BY_URI" : null,
      "LAST_UPDATED_TIME_STAMP" : "2018-08-17T07:39:24Z",
      "PERSISTENCE_STATUS" : 1,
      "SNAPSHOT_RECORD" : 0,
      "SYSTEM_MODIFIABLE_ONLY" : 1,
      "UUID" : "21659176087083851-0.11720280982662168",
      "MAKE_BUSINESS_DATE" : "2016-12-31T18:30:00Z",
      "TENANT_ID" : 505,
      "ENTITY_VERSION_ID" : 52,
      "LOAN_ACCOUNT_NO" : "PLBAPLLONS000005000006",
      "ACCOUNTING_CLASS_MST_ID" : 400026,
      "ACCOUNTING_IRR" : 13.5,
      "ACCRUAL_OFFSET_AMOUNT" : 0,
      "ACCRUAL_STOP_DATE" : null,
      "ADJUSTED_AMOUNT_AT_DISBURSAL" : 0,
      "LOAN_SANCTIONED_DATE" : "2016-12-31T18:30:00Z",
      "APPL_CANCEL_CNT" : 0,
      "APPLICATION_CHANNEL_ID" : 515288,
      "APPLICATION_CREATION_DATE" : "2016-12-31T18:30:00Z",
      "APPLICATION_FORMNO" : null,
      "APPLICATION_TYPE" : 61112,
      "ASSET_CLASS_MST_ID" : 4,
      "ASSET_CLASSIFICATION_TYPE" : 51172,
      "LOAN_ASSETCOST" : 50000,
      "AUTHDATE" : "2018-08-08T05:26:23Z",
      "AUTHID" : "SYSTEM",
      "AUTO_MANUAL_CLASSIFY_FLAG" : "A",
      "LTV" : 70,
      "BRANCH_STATE_CODE" : "NDL",
      "BUCKET" : 0,
      "CAPITALIZE_INTEREST" : null,
      "CHG_INT_DURING_MORATORIUM" : null,
      "CLOSURE_FREEZE_DATE" : null,
      "COBORROWER_GUARANTOR_EXISTS" : null,
      "COURSE_PERIOD" : null,
      "COURSE_START_FROM" : null,
      "CURRENCY_MST_ID" : 42001,
      "CURRENT_RATE_TYPE_ID" : 60033,
      "CUSTOMER_NAME" : "DeepakUbd Pathak",
      "CUSTOMER_NO" : "GLBCUST00000000001",
      "DAYS_PAST_DUE" : 0,
      "DEFERRAL_DAYS" : null,
      "DISBURSAL_DATE" : "2016-12-31T18:30:00Z",
      "DISBURSAL_STATUS_ID" : 2860,
      "DPD_STRING" : null,
      "ELIGIBLE_FOR_EOD_PROCESSING" : 0,
      "EMI_EFFECTIVE_FROMDATE" : "2016-12-31T18:30:00Z",
      "ENHANCED_AMOUNT" : 0,
      "EXTERNAL_ASSET_CLASS_MST_ID" : null,
      "EXTERNAL_NPA_DATE" : null,
      "FILENO" : "BULK990002917",
      "FINAL_SANCTIONED_AMOUNT" : 50000,
      "LOAN_AMOUNT" : 50000,
      "FIXED_TILL_DATE" : null,
      "FLOATING_FREQ_MONTHS" : null,
      "FREEZE_LOAN_FLAG" : "N",
      "GSTIN_APPLICABLE" : "Y",
      "GSTIN_INTERSTATE_FLAG" : "N",
      "HOST_CUSTOMER_INFO_FILE_NUMBER" : null,
      "INSTALMENT_BASED" : 60011,
      "INTEREST_LEVIED_TILL_DATE" : null,
      "INTEREST_SUSPENSION_DATE" : "2017-02-12T18:30:00Z",
      "INTEREST_SUSPENSION_FLAG" : "Y",
      "LAST_ACCRUAL_DATE" : "2017-01-30T18:30:00Z",
      "LAST_ANCHORRATE_REVISION_DATE" : null,
      "LAST_CLASSIFICATION_DATE" : "2017-02-12T18:30:00Z",
      "LAST_BILLED_DUEDATE" : "2017-01-03T18:30:00Z",
      "LAST_CIBIL_EXTRACTION_DATE" : "2017-01-30T18:30:00Z",
      "LAST_DPD_DATE" : null,
      "LAST_DPD_PROCESS_DATE" : "2017-02-01T18:30:00Z",
      "LAST_DISBURSAL_DATE" : "2016-12-31T18:30:00Z",
      "LAST_LPF_DATE" : null,
      "LAST_LPI_DATE" : null,
      "LAST_MIS_SNAPSHOT_DATE" : "2017-02-01T18:30:00Z",
      "LAST_MIS_SNAPSHOT_REF_ID" : 5000696,
      "LAST_MANUAL_ASSET_CLASS_MST_ID" : null,
      "LAST_RATE_REVISION_DATE" : null,
      "LIMIT_TYPE" : null,
      "LOAN_AMOUNT_PAID" : 50000,
      "BRANCHID" : 5,
      "CANCEL_CLOSURE_DATE" : null,
      "CLOSURE_ELIGIBLE_DATE" : null,
      "GSTIN_TXN_REF_ID" : 5000006,
      "LOAN_IDENTIFICATION_ID" : null,
      "LOAN_IN_COLLECTION" : 0,
      "MARGINMONEY" : 0,
      "MATURITYDATE" : "2017-12-03T18:30:00Z",
      "MISFIELD_1" : null,
      "MISFIELD_2" : null,
      "MISFIELD_3" : null,
      "MISFIELD_4" : null,
      "MORATORIUM_END_DATE" : null,
      "MORATORIUM_TENURE_IMPACT" : null,
      "MORATORIUM_INT_COL_METHOD" : null,
      "MORATORIUM_PERIOD" : null,
      "MORATORIUM_START_DATE" : null,
      "MARKUP" : 8,
      "NEXT_ANCHORRATE_REVISION_DATE" : null,
      "NEXT_CYCLE_DUE_AMOUNT" : 4364,
      "NEXT_CYCLE_DUEDATE" : "2017-02-03T18:30:00Z",
      "NEXT_CYCLE_EFF_INSTL_AMT" : null,
      "NEXT_RATE_REVISION_DATE" : null,
      "NEXT_REPAY_AMOUNT" : 4364,
      "NEXT_REPAY_DUEDATE" : "2017-02-03T18:30:00Z",
      "NEXT_REPAY_EFF_AMOUNT" : null,
      "NOC_BLOCK_FLAG" : "N",
      "NOC_ISSUE_DATE" : null,
      "NPA_DATE" : null,
      "NUMBER_OF_INSTALMENT" : 12,
      "NO_OF_INSTL_BILLED" : 1,
      "NO_OF_INSTL_UNBILLED" : 11,
      "ORIGINAL_EMI_AMOUNT" : 4364,
      "ORIGINAL_TENURE" : 12,
      "ORIGINATING_SYSTEM" : null,
      "PARTPREPAY_PENALTY" : 0,
      "PENAL_BILLED_AMOUNT" : 0,
      "PENAL_INTEREST_RATE" : 0,
      "PROCESSED_TILL_DATE" : "2017-02-01T18:30:00Z",
      "PRODUCT_CATEGORY_ID" : 60225,
      "PRODUCTID" : 5000007,
      "PRODUCT_TYPE_ID" : 40002,
      "PROVISION_BATCH_ID" : 5000012,
      "PSL_BASED_FLAG" : 0,
      "RATE_FIXED_FOR_MONTHS" : null,
      "RATE_TYPE_ID" : 60033,
      "REDUCED_AMOUNT" : 0,
      "ADVANCE_INSTALLMENT_FLOW_TYPE" : 7029,
      "ANCHOR_MST_ID" : 5000000,
      "ANCHOR_RATE" : 2,
      "BALLOON_AMOUNT" : 0,
      "BROKEN_PERIOD_DAYS" : 0,
      "BROKEN_PERIOD_FLAG" : 60004,
      "BROKEN_PERIOD_INT_DAYS_METHOD" : null,
      "BROKEN_PERIOD_INT_CHG_TYPE" : 7024,
      "TENURE" : 12,
      "DAYS_PER_YEAR" : 60017,
      "DIFF_DAYS_METHOD" : 60014,
      "EFFECTIVE_INTEREST_RATE" : 10,
      "FREQUENCY" : 60005,
      "GRACE_INTEREST_CHARGE_ON_APR" : null,
      "GRACE_INTEREST_COMPOUND_FLAG" : null,
      "GRADED_BASED_ON" : null,
      "INSTALLMENT_COMPUTED_ON" : 51215,
      "INSTALMENT_MODE" : 60019,
      "INSTALLMENT_MULTIPLES_OF" : 1,
      "INSTALLMENT_ROUNDING_PRECISION" : 0,
      "INSTALMENT_ROUNDING" : 60023,
      "INSTALMENT_TYPE" : 60029,
      "INTEREST_FREE_DAYS" : 0,
      "INTEREST_MULTIPLES_OF" : 1,
      "INTEREST_ONLY_SCHEDULE_FLAG" : null,
      "INTEREST_RECOVERY_FREQUENCY" : 60005,
      "INTEREST_ROUNDING_PRECISION" : 0,
      "INTEREST_ROUNDING" : 60026,
      "INTEREST_START_DATE" : "2016-12-31T18:30:00Z",
      "INTEREST_TYPE" : 60022,
      "BOOKING_INTEREST_START_DATE" : "2016-12-31T18:30:00Z",
      "LOAN_GRADED_INSTALLMENT_FLAG" : 51121,
      "MULTI_RATE_FLAG" : null,
      "DISBURSAL_FLAG" : "S",
      "NO_ADVANCE_INSTALMENT" : null,
      "ORIGINAL_INTEREST_RATE" : 10,
      "PEMI_TENURE_INCLUSIVE_FLAG" : 51327,
      "PRINCIPAL_RECOVERY_FREQUENCY" : 60005,
      "RATE_EMI_FLAG" : 7030,
      "INTEREST_RATE" : 10,
      "REPAY_POLICY_ID" : 5000005,
      "DUEDAY" : "4",
      "REPAYMENT_START_DATE" : "2017-01-03T18:30:00Z",
      "RESIDUAL_VALUE_RECOVERY_ON" : null,
      "RV_REC_INLAST_INSTALLMENT_FLAG" : null,
      "REPOSSESS_FLAG" : "N",
      "RESCHEDULING_DATE" : null,
      "RESCHEDULING_FLAG" : "N",
      "RESCHEDULING_INSTALLMENT_AMT" : 4364,
      "ORIGINAL_SANCTIONED_AMOUNT" : 50000,
      "SCHEMEID" : 5000008,
      "ASSET_SECURED_AMOUNT" : 0,
      "SECURITIZED_FLAG" : "N",
      "SECURITIZED_DEALID" : null,
      "SOURCE_APPLICATION_ID" : 990002917,
      "STOP_BILL_FLAG" : "N",
      "STOP_FRR_FLAG" : "N",
      "STOP_LPI_FLAG" : "N",
      "STATUS" : "A",
      "STOP_ACCRUAL_POST_MATURITY" : "N",
      "STOP_RESCHEDULING_FLAG" : "N",
      "TDS_POLICY_ID" : null,
      "TENURETYPE" : "M",
      "MANUAL_INT_PROV_AMOUNT" : 0,
      "MANUAL_PRIN_PROV_AMOUNT" : 0,
      "TOTAL_INTEREST_AMOUNT" : 2363,
      "TOTAL_VAP_AMOUNT" : 0,
      "VAPID" : 0,
      "PERSISTENT_FORM_DATA" : null,
      "CONCURRENCY_ID" : 250006,
      "LOAN_ADDITIONAL_INFO_ID" : 5000006,
      "LOAN_MIS_ID" : 5000006,
      "disbursal_details" : {
        "ID" : 5000006,
        "AUTHORIZATION_BUSINESS_DATE" : "2016-12-31T18:30:00Z",
        "CREATED_BY_URI" : "com.nucleus.user.User:5000023",
        "CREATION_TIME_STAMP" : "2018-08-08T05:26:24Z",
        "LAST_UPDATED_BY_URI" : "com.nucleus.user.User:5000023",
        "LAST_UPDATED_TIME_STAMP" : "2018-08-08T05:26:24Z",
        "PERSISTENCE_STATUS" : 0,
        "SNAPSHOT_RECORD" : 0,
        "SYSTEM_MODIFIABLE_ONLY" : 1,
        "UUID" : "21659176118994867-0.36698273322566943",
        "MAKE_BUSINESS_DATE" : "2016-12-31T18:30:00Z",
        "TENANT_ID" : 505,
        "ENTITY_VERSION_ID" : 1,
        "LOAN_ACCOUNT_NO" : "PLBAPLLONS000005000006",
        "ANCHOR_MST_ID" : 5000000,
        "ANCHOR_RATE" : 2,
        "INTEREST_RATE" : 10,
        "CURRENCY_MST_ID" : 42001,
        "DISBURSAL_AMT" : 50000,
        "DISBURSAL_DATE" : "2016-12-31T18:30:00Z",
        "DISBURSAL_NO" : 1,
        "DISBURSAL_RATE" : 10,
        "DISBURSAL_REFERENCE_ID" : null,
        "DISBURSAL_REMARKS" : "Disbursal",
        "DISBURSAL_TXN_DATE" : "2016-12-31T18:30:00Z",
        "DISBURSAL_TYPE" : 420050,
        "ENHANCED_AMT" : 0,
        "FIRST_INSTALLMENT_DUE_DATE" : "2016-12-31T18:30:00Z",
        "CHANGE_TYPE" : null,
        "INTEREST_START_DATE" : "2016-12-31T18:30:00Z",
        "LOANID" : 5000006,
        "MORATORIUM_TREATMENT_TYPE" : null,
        "NET_MARKUP" : 8,
        "NO_OF_MORATORIUM_INSTALLMENTS" : null,
        "RATE_TYPE_ID" : 60033,
        "REDUCED_AMT" : 0,
        "REF_LOAN_ACCOUNT_NO" : null,
        "REF_HOST_SYSTEM" : 420048,
        "SANCTIONED_AMT" : 50000,
        "SOURCE_DISBURSAL_TXN_DATE" : "2016-12-31T18:30:00Z",
        "START_INSTALLMENT_RECOVERY" : 61082,
        "DISBURSAL_STATUS" : "A",
        "TRANCHE_ID" : null,
        "TXN_BRANCHID" : 5,
        "TRANSACTION_TYPE" : "A",
        "VAPID" : 0,
        "PERSISTENT_FORM_DATA" : null
      },
      "loan_repayment" : [ {
        "ID" : 5000072,
        "AUTHORIZATION_BUSINESS_DATE" : "2016-12-31T18:30:00Z",
        "CREATED_BY_URI" : "com.nucleus.user.User:9001",
        "CREATION_TIME_STAMP" : "2018-08-08T05:26:24Z",
        "LAST_UPDATED_BY_URI" : "com.nucleus.user.User:9001",
        "LAST_UPDATED_TIME_STAMP" : "2018-08-09T10:30:31Z",
        "PERSISTENCE_STATUS" : 0,
        "SNAPSHOT_RECORD" : 0,
        "SYSTEM_MODIFIABLE_ONLY" : 1,
        "UUID" : "21659176908173810-0.28148562757584317",
        "MAKE_BUSINESS_DATE" : "2016-12-31T18:30:00Z",
        "TENANT_ID" : 505,
        "ENTITY_VERSION_ID" : 1,
        "ADVANCE_PREPAY_FLAG" : "N",
        "BILLEDDATE" : "2017-01-03T18:30:00Z",
        "CALCULATED_INTEREST_AMOUNT" : null,
        "CLOSING_PRINCIPAL" : 45678,
        "DUEDATE" : "2017-01-03T18:30:00Z",
        "BILLED_FLAG" : "Y",
        "EFFECTIVE_INSTL_AMT" : null,
        "EFFECTIVE_INTEREST_RATE" : 10,
        "EMI_PEMI_FLAG" : "E",
        "INSTALMENT_AMOUNT" : 4364,
        "INSTALLMENT_INDICATOR" : "NA",
        "INSTALMENT_NUMBER" : 1,
        "INTEREST_COMPONENT" : 42,
        "LOANID" : 5000006,
        "INTEREST_DAYS" : 3,
        "BALANCE_PRINCIPAL" : 50000,
        "PRINCIPAL_COMPONENT" : 4322,
        "TDS_AMT" : null,
        "TDS_RATE" : null,
        "VAPID" : 0,
        "PERSISTENT_FORM_DATA" : null
      }, {
        "ID" : 5000073,
        "AUTHORIZATION_BUSINESS_DATE" : "2016-12-31T18:30:00Z",
        "CREATED_BY_URI" : "com.nucleus.user.User:9001",
        "CREATION_TIME_STAMP" : "2018-08-08T05:26:24Z",
        "LAST_UPDATED_BY_URI" : "com.nucleus.user.User:9001",
        "LAST_UPDATED_TIME_STAMP" : null,
        "PERSISTENCE_STATUS" : 0,
        "SNAPSHOT_RECORD" : 0,
        "SYSTEM_MODIFIABLE_ONLY" : 1,
        "UUID" : "21659176908230828-0.12087413274779246",
        "MAKE_BUSINESS_DATE" : "2016-12-31T18:30:00Z",
        "TENANT_ID" : 505,
        "ENTITY_VERSION_ID" : 0,
        "ADVANCE_PREPAY_FLAG" : "N",
        "BILLEDDATE" : null,
        "CALCULATED_INTEREST_AMOUNT" : null,
        "CLOSING_PRINCIPAL" : 41695,
        "DUEDATE" : "2017-02-03T18:30:00Z",
        "BILLED_FLAG" : "N",
        "EFFECTIVE_INSTL_AMT" : null,
        "EFFECTIVE_INTEREST_RATE" : 10,
        "EMI_PEMI_FLAG" : "E",
        "INSTALMENT_AMOUNT" : 4364,
        "INSTALLMENT_INDICATOR" : "NA",
        "INSTALMENT_NUMBER" : 2,
        "INTEREST_COMPONENT" : 381,
        "LOANID" : 5000006,
        "INTEREST_DAYS" : 30,
        "BALANCE_PRINCIPAL" : 45678,
        "PRINCIPAL_COMPONENT" : 3983,
        "TDS_AMT" : null,
        "TDS_RATE" : null,
        "VAPID" : 0,
        "PERSISTENT_FORM_DATA" : null
      }, {
        "ID" : 5000074,
        "AUTHORIZATION_BUSINESS_DATE" : "2016-12-31T18:30:00Z",
        "CREATED_BY_URI" : "com.nucleus.user.User:9001",
        "CREATION_TIME_STAMP" : "2018-08-08T05:26:24Z",
        "LAST_UPDATED_BY_URI" : "com.nucleus.user.User:9001",
        "LAST_UPDATED_TIME_STAMP" : null,
        "PERSISTENCE_STATUS" : 0,
        "SNAPSHOT_RECORD" : 0,
        "SYSTEM_MODIFIABLE_ONLY" : 1,
        "UUID" : "21659176908275273-0.2549474837630583",
        "MAKE_BUSINESS_DATE" : "2016-12-31T18:30:00Z",
        "TENANT_ID" : 505,
        "ENTITY_VERSION_ID" : 0,
        "ADVANCE_PREPAY_FLAG" : "N",
        "BILLEDDATE" : null,
        "CALCULATED_INTEREST_AMOUNT" : null,
        "CLOSING_PRINCIPAL" : 37679,
        "DUEDATE" : "2017-03-03T18:30:00Z",
        "BILLED_FLAG" : "N",
        "EFFECTIVE_INSTL_AMT" : null,
        "EFFECTIVE_INTEREST_RATE" : 10,
        "EMI_PEMI_FLAG" : "E",
        "INSTALMENT_AMOUNT" : 4364,
        "INSTALLMENT_INDICATOR" : "NA",
        "INSTALMENT_NUMBER" : 3,
        "INTEREST_COMPONENT" : 348,
        "LOANID" : 5000006,
        "INTEREST_DAYS" : 30,
        "BALANCE_PRINCIPAL" : 41695,
        "PRINCIPAL_COMPONENT" : 4016,
        "TDS_AMT" : null,
        "TDS_RATE" : null,
        "VAPID" : 0,
        "PERSISTENT_FORM_DATA" : null
      }, {
        "ID" : 5000075,
        "AUTHORIZATION_BUSINESS_DATE" : "2016-12-31T18:30:00Z",
        "CREATED_BY_URI" : "com.nucleus.user.User:9001",
        "CREATION_TIME_STAMP" : "2018-08-08T05:26:24Z",
        "LAST_UPDATED_BY_URI" : "com.nucleus.user.User:9001",
        "LAST_UPDATED_TIME_STAMP" : null,
        "PERSISTENCE_STATUS" : 0,
        "SNAPSHOT_RECORD" : 0,
        "SYSTEM_MODIFIABLE_ONLY" : 1,
        "UUID" : "21659176908320378-0.5273322055315321",
        "MAKE_BUSINESS_DATE" : "2016-12-31T18:30:00Z",
        "TENANT_ID" : 505,
        "ENTITY_VERSION_ID" : 0,
        "ADVANCE_PREPAY_FLAG" : "N",
        "BILLEDDATE" : null,
        "CALCULATED_INTEREST_AMOUNT" : null,
        "CLOSING_PRINCIPAL" : 33629,
        "DUEDATE" : "2017-04-03T18:30:00Z",
        "BILLED_FLAG" : "N",
        "EFFECTIVE_INSTL_AMT" : null,
        "EFFECTIVE_INTEREST_RATE" : 10,
        "EMI_PEMI_FLAG" : "E",
        "INSTALMENT_AMOUNT" : 4364,
        "INSTALLMENT_INDICATOR" : "NA",
        "INSTALMENT_NUMBER" : 4,
        "INTEREST_COMPONENT" : 314,
        "LOANID" : 5000006,
        "INTEREST_DAYS" : 30,
        "BALANCE_PRINCIPAL" : 37679,
        "PRINCIPAL_COMPONENT" : 4050,
        "TDS_AMT" : null,
        "TDS_RATE" : null,
        "VAPID" : 0,
        "PERSISTENT_FORM_DATA" : null
      }, {
        "ID" : 5000076,
        "AUTHORIZATION_BUSINESS_DATE" : "2016-12-31T18:30:00Z",
        "CREATED_BY_URI" : "com.nucleus.user.User:9001",
        "CREATION_TIME_STAMP" : "2018-08-08T05:26:24Z",
        "LAST_UPDATED_BY_URI" : "com.nucleus.user.User:9001",
        "LAST_UPDATED_TIME_STAMP" : null,
        "PERSISTENCE_STATUS" : 0,
        "SNAPSHOT_RECORD" : 0,
        "SYSTEM_MODIFIABLE_ONLY" : 1,
        "UUID" : "21659176908366435-0.03295408088671736",
        "MAKE_BUSINESS_DATE" : "2016-12-31T18:30:00Z",
        "TENANT_ID" : 505,
        "ENTITY_VERSION_ID" : 0,
        "ADVANCE_PREPAY_FLAG" : "N",
        "BILLEDDATE" : null,
        "CALCULATED_INTEREST_AMOUNT" : null,
        "CLOSING_PRINCIPAL" : 29546,
        "DUEDATE" : "2017-05-03T18:30:00Z",
        "BILLED_FLAG" : "N",
        "EFFECTIVE_INSTL_AMT" : null,
        "EFFECTIVE_INTEREST_RATE" : 10,
        "EMI_PEMI_FLAG" : "E",
        "INSTALMENT_AMOUNT" : 4364,
        "INSTALLMENT_INDICATOR" : "NA",
        "INSTALMENT_NUMBER" : 5,
        "INTEREST_COMPONENT" : 281,
        "LOANID" : 5000006,
        "INTEREST_DAYS" : 30,
        "BALANCE_PRINCIPAL" : 33629,
        "PRINCIPAL_COMPONENT" : 4083,
        "TDS_AMT" : null,
        "TDS_RATE" : null,
        "VAPID" : 0,
        "PERSISTENT_FORM_DATA" : null
      }, {
        "ID" : 5000077,
        "AUTHORIZATION_BUSINESS_DATE" : "2016-12-31T18:30:00Z",
        "CREATED_BY_URI" : "com.nucleus.user.User:9001",
        "CREATION_TIME_STAMP" : "2018-08-08T05:26:24Z",
        "LAST_UPDATED_BY_URI" : "com.nucleus.user.User:9001",
        "LAST_UPDATED_TIME_STAMP" : null,
        "PERSISTENCE_STATUS" : 0,
        "SNAPSHOT_RECORD" : 0,
        "SYSTEM_MODIFIABLE_ONLY" : 1,
        "UUID" : "21659176908421064-0.5553135104192578",
        "MAKE_BUSINESS_DATE" : "2016-12-31T18:30:00Z",
        "TENANT_ID" : 505,
        "ENTITY_VERSION_ID" : 0,
        "ADVANCE_PREPAY_FLAG" : "N",
        "BILLEDDATE" : null,
        "CALCULATED_INTEREST_AMOUNT" : null,
        "CLOSING_PRINCIPAL" : 25429,
        "DUEDATE" : "2017-06-03T18:30:00Z",
        "BILLED_FLAG" : "N",
        "EFFECTIVE_INSTL_AMT" : null,
        "EFFECTIVE_INTEREST_RATE" : 10,
        "EMI_PEMI_FLAG" : "E",
        "INSTALMENT_AMOUNT" : 4364,
        "INSTALLMENT_INDICATOR" : "NA",
        "INSTALMENT_NUMBER" : 6,
        "INTEREST_COMPONENT" : 247,
        "LOANID" : 5000006,
        "INTEREST_DAYS" : 30,
        "BALANCE_PRINCIPAL" : 29546,
        "PRINCIPAL_COMPONENT" : 4117,
        "TDS_AMT" : null,
        "TDS_RATE" : null,
        "VAPID" : 0,
        "PERSISTENT_FORM_DATA" : null
      }, {
        "ID" : 5000078,
        "AUTHORIZATION_BUSINESS_DATE" : "2016-12-31T18:30:00Z",
        "CREATED_BY_URI" : "com.nucleus.user.User:9001",
        "CREATION_TIME_STAMP" : "2018-08-08T05:26:24Z",
        "LAST_UPDATED_BY_URI" : "com.nucleus.user.User:9001",
        "LAST_UPDATED_TIME_STAMP" : null,
        "PERSISTENCE_STATUS" : 0,
        "SNAPSHOT_RECORD" : 0,
        "SYSTEM_MODIFIABLE_ONLY" : 1,
        "UUID" : "21659176908459740-0.9027958287846246",
        "MAKE_BUSINESS_DATE" : "2016-12-31T18:30:00Z",
        "TENANT_ID" : 505,
        "ENTITY_VERSION_ID" : 0,
        "ADVANCE_PREPAY_FLAG" : "N",
        "BILLEDDATE" : null,
        "CALCULATED_INTEREST_AMOUNT" : null,
        "CLOSING_PRINCIPAL" : 21277,
        "DUEDATE" : "2017-07-03T18:30:00Z",
        "BILLED_FLAG" : "N",
        "EFFECTIVE_INSTL_AMT" : null,
        "EFFECTIVE_INTEREST_RATE" : 10,
        "EMI_PEMI_FLAG" : "E",
        "INSTALMENT_AMOUNT" : 4364,
        "INSTALLMENT_INDICATOR" : "NA",
        "INSTALMENT_NUMBER" : 7,
        "INTEREST_COMPONENT" : 212,
        "LOANID" : 5000006,
        "INTEREST_DAYS" : 30,
        "BALANCE_PRINCIPAL" : 25429,
        "PRINCIPAL_COMPONENT" : 4152,
        "TDS_AMT" : null,
        "TDS_RATE" : null,
        "VAPID" : 0,
        "PERSISTENT_FORM_DATA" : null
      }, {
        "ID" : 5000079,
        "AUTHORIZATION_BUSINESS_DATE" : "2016-12-31T18:30:00Z",
        "CREATED_BY_URI" : "com.nucleus.user.User:9001",
        "CREATION_TIME_STAMP" : "2018-08-08T05:26:24Z",
        "LAST_UPDATED_BY_URI" : "com.nucleus.user.User:9001",
        "LAST_UPDATED_TIME_STAMP" : null,
        "PERSISTENCE_STATUS" : 0,
        "SNAPSHOT_RECORD" : 0,
        "SYSTEM_MODIFIABLE_ONLY" : 1,
        "UUID" : "21659176908495435-0.5065876876315392",
        "MAKE_BUSINESS_DATE" : "2016-12-31T18:30:00Z",
        "TENANT_ID" : 505,
        "ENTITY_VERSION_ID" : 0,
        "ADVANCE_PREPAY_FLAG" : "N",
        "BILLEDDATE" : null,
        "CALCULATED_INTEREST_AMOUNT" : null,
        "CLOSING_PRINCIPAL" : 17091,
        "DUEDATE" : "2017-08-03T18:30:00Z",
        "BILLED_FLAG" : "N",
        "EFFECTIVE_INSTL_AMT" : null,
        "EFFECTIVE_INTEREST_RATE" : 10,
        "EMI_PEMI_FLAG" : "E",
        "INSTALMENT_AMOUNT" : 4364,
        "INSTALLMENT_INDICATOR" : "NA",
        "INSTALMENT_NUMBER" : 8,
        "INTEREST_COMPONENT" : 178,
        "LOANID" : 5000006,
        "INTEREST_DAYS" : 30,
        "BALANCE_PRINCIPAL" : 21277,
        "PRINCIPAL_COMPONENT" : 4186,
        "TDS_AMT" : null,
        "TDS_RATE" : null,
        "VAPID" : 0,
        "PERSISTENT_FORM_DATA" : null
      }, {
        "ID" : 5000080,
        "AUTHORIZATION_BUSINESS_DATE" : "2016-12-31T18:30:00Z",
        "CREATED_BY_URI" : "com.nucleus.user.User:9001",
        "CREATION_TIME_STAMP" : "2018-08-08T05:26:24Z",
        "LAST_UPDATED_BY_URI" : "com.nucleus.user.User:9001",
        "LAST_UPDATED_TIME_STAMP" : null,
        "PERSISTENCE_STATUS" : 0,
        "SNAPSHOT_RECORD" : 0,
        "SYSTEM_MODIFIABLE_ONLY" : 1,
        "UUID" : "21659176908530787-0.9658535067015124",
        "MAKE_BUSINESS_DATE" : "2016-12-31T18:30:00Z",
        "TENANT_ID" : 505,
        "ENTITY_VERSION_ID" : 0,
        "ADVANCE_PREPAY_FLAG" : "N",
        "BILLEDDATE" : null,
        "CALCULATED_INTEREST_AMOUNT" : null,
        "CLOSING_PRINCIPAL" : 12870,
        "DUEDATE" : "2017-09-03T18:30:00Z",
        "BILLED_FLAG" : "N",
        "EFFECTIVE_INSTL_AMT" : null,
        "EFFECTIVE_INTEREST_RATE" : 10,
        "EMI_PEMI_FLAG" : "E",
        "INSTALMENT_AMOUNT" : 4364,
        "INSTALLMENT_INDICATOR" : "NA",
        "INSTALMENT_NUMBER" : 9,
        "INTEREST_COMPONENT" : 143,
        "LOANID" : 5000006,
        "INTEREST_DAYS" : 30,
        "BALANCE_PRINCIPAL" : 17091,
        "PRINCIPAL_COMPONENT" : 4221,
        "TDS_AMT" : null,
        "TDS_RATE" : null,
        "VAPID" : 0,
        "PERSISTENT_FORM_DATA" : null
      }, {
        "ID" : 5000081,
        "AUTHORIZATION_BUSINESS_DATE" : "2016-12-31T18:30:00Z",
        "CREATED_BY_URI" : "com.nucleus.user.User:9001",
        "CREATION_TIME_STAMP" : "2018-08-08T05:26:24Z",
        "LAST_UPDATED_BY_URI" : "com.nucleus.user.User:9001",
        "LAST_UPDATED_TIME_STAMP" : null,
        "PERSISTENCE_STATUS" : 0,
        "SNAPSHOT_RECORD" : 0,
        "SYSTEM_MODIFIABLE_ONLY" : 1,
        "UUID" : "21659176908565449-0.33560804031697566",
        "MAKE_BUSINESS_DATE" : "2016-12-31T18:30:00Z",
        "TENANT_ID" : 505,
        "ENTITY_VERSION_ID" : 0,
        "ADVANCE_PREPAY_FLAG" : "N",
        "BILLEDDATE" : null,
        "CALCULATED_INTEREST_AMOUNT" : null,
        "CLOSING_PRINCIPAL" : 8614,
        "DUEDATE" : "2017-10-03T18:30:00Z",
        "BILLED_FLAG" : "N",
        "EFFECTIVE_INSTL_AMT" : null,
        "EFFECTIVE_INTEREST_RATE" : 10,
        "EMI_PEMI_FLAG" : "E",
        "INSTALMENT_AMOUNT" : 4364,
        "INSTALLMENT_INDICATOR" : "NA",
        "INSTALMENT_NUMBER" : 10,
        "INTEREST_COMPONENT" : 108,
        "LOANID" : 5000006,
        "INTEREST_DAYS" : 30,
        "BALANCE_PRINCIPAL" : 12870,
        "PRINCIPAL_COMPONENT" : 4256,
        "TDS_AMT" : null,
        "TDS_RATE" : null,
        "VAPID" : 0,
        "PERSISTENT_FORM_DATA" : null
      }, {
        "ID" : 5000082,
        "AUTHORIZATION_BUSINESS_DATE" : "2016-12-31T18:30:00Z",
        "CREATED_BY_URI" : "com.nucleus.user.User:9001",
        "CREATION_TIME_STAMP" : "2018-08-08T05:26:24Z",
        "LAST_UPDATED_BY_URI" : "com.nucleus.user.User:9001",
        "LAST_UPDATED_TIME_STAMP" : null,
        "PERSISTENCE_STATUS" : 0,
        "SNAPSHOT_RECORD" : 0,
        "SYSTEM_MODIFIABLE_ONLY" : 1,
        "UUID" : "21659176908608455-0.36517110989574597",
        "MAKE_BUSINESS_DATE" : "2016-12-31T18:30:00Z",
        "TENANT_ID" : 505,
        "ENTITY_VERSION_ID" : 0,
        "ADVANCE_PREPAY_FLAG" : "N",
        "BILLEDDATE" : null,
        "CALCULATED_INTEREST_AMOUNT" : null,
        "CLOSING_PRINCIPAL" : 4322,
        "DUEDATE" : "2017-11-03T18:30:00Z",
        "BILLED_FLAG" : "N",
        "EFFECTIVE_INSTL_AMT" : null,
        "EFFECTIVE_INTEREST_RATE" : 10,
        "EMI_PEMI_FLAG" : "E",
        "INSTALMENT_AMOUNT" : 4364,
        "INSTALLMENT_INDICATOR" : "NA",
        "INSTALMENT_NUMBER" : 11,
        "INTEREST_COMPONENT" : 72,
        "LOANID" : 5000006,
        "INTEREST_DAYS" : 30,
        "BALANCE_PRINCIPAL" : 8614,
        "PRINCIPAL_COMPONENT" : 4292,
        "TDS_AMT" : null,
        "TDS_RATE" : null,
        "VAPID" : 0,
        "PERSISTENT_FORM_DATA" : null
      }, {
        "ID" : 5000083,
        "AUTHORIZATION_BUSINESS_DATE" : "2016-12-31T18:30:00Z",
        "CREATED_BY_URI" : "com.nucleus.user.User:9001",
        "CREATION_TIME_STAMP" : "2018-08-08T05:26:24Z",
        "LAST_UPDATED_BY_URI" : "com.nucleus.user.User:9001",
        "LAST_UPDATED_TIME_STAMP" : null,
        "PERSISTENCE_STATUS" : 0,
        "SNAPSHOT_RECORD" : 0,
        "SYSTEM_MODIFIABLE_ONLY" : 1,
        "UUID" : "21659176908655806-0.6683303935506568",
        "MAKE_BUSINESS_DATE" : "2016-12-31T18:30:00Z",
        "TENANT_ID" : 505,
        "ENTITY_VERSION_ID" : 0,
        "ADVANCE_PREPAY_FLAG" : "N",
        "BILLEDDATE" : null,
        "CALCULATED_INTEREST_AMOUNT" : null,
        "CLOSING_PRINCIPAL" : 0,
        "DUEDATE" : "2017-12-03T18:30:00Z",
        "BILLED_FLAG" : "N",
        "EFFECTIVE_INSTL_AMT" : null,
        "EFFECTIVE_INTEREST_RATE" : 10,
        "EMI_PEMI_FLAG" : "E",
        "INSTALMENT_AMOUNT" : 4359,
        "INSTALLMENT_INDICATOR" : "NA",
        "INSTALMENT_NUMBER" : 12,
        "INTEREST_COMPONENT" : 37,
        "LOANID" : 5000006,
        "INTEREST_DAYS" : 30,
        "BALANCE_PRINCIPAL" : 4322,
        "PRINCIPAL_COMPONENT" : 4322,
        "TDS_AMT" : null,
        "TDS_RATE" : null,
        "VAPID" : 0,
        "PERSISTENT_FORM_DATA" : null
      } ],
      "loan_additional_info" : {
        "ID" : 5000006,
        "AUTHORIZATION_BUSINESS_DATE" : "2016-12-31T18:30:00Z",
        "CREATED_BY_URI" : "com.nucleus.user.User:5000023",
        "CREATION_TIME_STAMP" : "2018-08-08T05:26:23Z",
        "LAST_UPDATED_BY_URI" : "com.nucleus.user.User:5000023",
        "LAST_UPDATED_TIME_STAMP" : "2018-08-10T06:48:42Z",
        "PERSISTENCE_STATUS" : 0,
        "SNAPSHOT_RECORD" : 0,
        "SYSTEM_MODIFIABLE_ONLY" : 1,
        "UUID" : "21659176101668220-0.1533442763852384",
        "MAKE_BUSINESS_DATE" : "2016-12-31T18:30:00Z",
        "TENANT_ID" : 505,
        "ENTITY_VERSION_ID" : 6,
        "ACTIVITY_ID" : null,
        "ALTERNATE_CHANNEL_MODE" : null,
        "AUTOCLOSURE_ATTEMPTS" : null,
        "BT_ADJUST_AMOUNT_AT_DISBURSAL" : 0,
        "BT_FLAG" : null,
        "BENEFICIARY_ACCOUNT_NO" : null,
        "BENEFICIARY_AC_TYPE_ID" : null,
        "CAPITALIZE_INT_AMT" : 0,
        "CHARGE_SEPERATELY_DATE" : null,
        "CLOSURE_CANCELLATION_TXN_DATE" : null,
        "CONTRACT_CHARGES_APPLICABLE" : 0,
        "CURRENT_LIMIT_TRACKING_STATUS" : null,
        "CURTAILMENT_AMOUNT" : 0,
        "CURTAILMENT_FLAG" : 0,
        "CUSTOMER_TYPE" : "individual",
        "DSA_CODE" : null,
        "DSA_NAME" : null,
        "DSE_CODE" : null,
        "DSE_NAME" : null,
        "DAS_FLAG" : "Y",
        "DEPOSIT_LINKED_ACCOUNT" : null,
        "DIVISION_ID" : null,
        "DSA_ID" : null,
        "ECM_CASE_ID" : null,
        "ECM_CASE_NUMBER" : null,
        "EFFECTIVE_TDS_RATE_DATE" : null,
        "EMPLOYEE_CONTACT_NO" : null,
        "EMPLOYEE_NAME" : null,
        "EMPLOYEE_NO" : null,
        "GAP_INT_CAPITALIZE_DATE" : null,
        "GAP_INTEREST_TREATMENT_TYPE" : null,
        "GROUP_ID" : null,
        "LAST_PAYMENT_MODE" : null,
        "LAST_PAYMENT_SUB_MODE" : null,
        "LAST_PROV_SECURITIZED_DEALID" : null,
        "LIMIT_REFERENCE_NO" : null,
        "LOAN_ACCRUED_AMT" : 42,
        "LOAN_BILLED_INT_AMT" : 42,
        "NAME" : null,
        "EMAIL_ADDRESS" : null,
        "PHONE_NUMBER" : null,
        "POSITION" : null,
        "SALUTATION_TYPE_ID" : null,
        "LOANID" : 5000006,
        "LOAN_PURPOSE" : null,
        "MORATORIUM_INT_AMT" : 0,
        "MORATORIUM_REVIEW_PROCESSED" : null,
        "MORATORIUM_TREATMENT_TYPE" : null,
        "NO_INTEREST_AMT" : 0,
        "OCCUPATION_ID" : null,
        "PAST_TENURE" : 1,
        "PREVIOUS_DAYS_PAST_DUE" : 0,
        "PRIN_RECOVERY_DISBURSAL_ID" : 5000006,
        "PRIN_RECOVERY_REQ_DATE" : "2016-12-31T18:30:00Z",
        "PRIN_RECOVERY_STARTED" : 1,
        "PROMOTION_CODE" : null,
        "PROMOTION_DESCRIPTION" : null,
        "RATE_TREATMENT_ON_DISBURSAL" : 515115,
        "REBOOK_REF_LOAN_ACC_NO" : null,
        "RECOVERY_SUBTYPE_ID" : 600347,
        "SOURCING_BRANCH_ID" : null,
        "SOURCING_CHANNEL" : null,
        "SOURCING_RMNAME" : null,
        "SOURCING_SUPERVISORNAME" : null,
        "STAFF_LOAN_FLAG" : "N",
        "WL_STORED_DOCUMENT_ID" : 5000093,
        "SUB_DIVISION_ID" : null,
        "SUB_PRODUCT_DESC" : null,
        "SUBSIDY_LOCKIN_PERIOD_MONTHS" : null,
        "SUBSIDY_MARKING_DATE" : null,
        "SUBSIDY_TYPE" : null,
        "SUBVENTION_FLAG" : "N",
        "TDS_EFFECTIVE_DATE" : null,
        "TDS_REMOVAL_DATE" : null,
        "TIERED_RATE_TYPE" : 1234,
        "UTILIZATION_DISTRICT_ID" : null,
        "UTILIZATION_TALUKA_ID" : null,
        "PERSISTENT_FORM_DATA" : null,
        "BENEFICIARY_IFSC_CODE" : null,
        "BENEFICIARY_BANK_BRANCH_MST_ID" : null
      },
      "payment_details" : [ {
        "ID" : 5000115,
        "AUTHORIZATION_BUSINESS_DATE" : "2017-01-03T18:30:00Z",
        "CREATED_BY_URI" : "com.nucleus.user.User:5000129",
        "CREATION_TIME_STAMP" : "2018-08-09T11:55:58Z",
        "LAST_UPDATED_BY_URI" : "com.nucleus.user.User:5000128",
        "LAST_UPDATED_TIME_STAMP" : "2018-08-09T12:05:43Z",
        "PERSISTENCE_STATUS" : 0,
        "SNAPSHOT_RECORD" : 0,
        "SYSTEM_MODIFIABLE_ONLY" : 1,
        "UUID" : "21768949858951158-0.25441327499731825",
        "MAKE_BUSINESS_DATE" : "2017-01-03T18:30:00Z",
        "TENANT_ID" : 505,
        "ENTITY_VERSION_ID" : 4,
        "LOAN_ACCOUNT_NO" : "PLBAPLLONS000005000006",
        "ACTION_DATE" : null,
        "ALLOCATION_LEVEL" : "A",
        "ALLOCATION_TOWARDS_CUSTOMER" : "Y",
        "APPLICATIONID" : null,
        "AUTO_ALLOCATION_FLAG" : "Y",
        "BANK_RECONCILED" : 51121,
        "BENEFICIARY_ACNO" : null,
        "BENEFICIARY_AC_TYPE" : null,
        "RETURN_REASON_MST_ID" : 3,
        "BPTYPE_ID" : 2890,
        "BULK_CLEARANCE_AMOUNT" : null,
        "BULK_CLEARANCE_REF" : null,
        "BULK_CLEARANCE_REFDATE" : null,
        "BUSINESSPARTNER_ID" : null,
        "CANCEL_REASON_MST_ID" : null,
        "CANCELLATION_REF_ID" : null,
        "SOURCE_TXN_REFERENCE_NO" : null,
        "CREDIT_DEBIT_CARD" : null,
        "CLEARING_HOUSE_MST_ID" : null,
        "CURRENCY_MST_ID" : 42001,
        "CUSTOMER_NO" : "GLBCUST00000000001",
        "DOWNLOAD_BATCHID" : null,
        "DRAWER_NAME" : null,
        "DRAWNON" : null,
        "DATA_JSON_STRING" : null,
        "MODEL_META_DATA_ID" : null,
        "PLACEHOLDER_ID" : null,
        "UI_META_DATA_ID" : null,
        "EXTERNAL_DOWNLOAD_BATCHID" : null,
        "FILE_NUMBER" : null,
        "FINAL_ALLOCATION_DONE_FLAG" : "Y",
        "HOLD_DATE" : null,
        "DEPOSITOR_NAME" : null,
        "IDENTIFICATION_NUMBER" : null,
        "IDENTIFICATION_TYPE" : null,
        "INSTRUMENT_DATE" : "2017-01-03T18:30:00Z",
        "INSTRUMENT_REF_NUM" : "7",
        "KNOCKOFF_REFERENCE_ID" : null,
        "LOAN_BRANCHID" : 5,
        "LOANID" : 5000006,
        "MC_STATUS" : "B",
        "MANDATEID" : null,
        "MANUALY_ALLOCATED_FLAG" : "Y",
        "BANK_BRANCH_MST_ID" : null,
        "BANK_MST_ID" : null,
        "CITY_MST_ID" : null,
        "IFSC_CODE" : null,
        "BANK_IDENTIFICATION_CODE" : null,
        "MICR_NONMICR_FLAG" : "N",
        "MODULEID" : "LMS",
        "PARTY_REF_NO" : null,
        "PARTY_TYPE" : null,
        "PAYIN_SLIP_ID" : null,
        "PAYIN_SLIP_REFERENCE" : null,
        "PAYMENT_ACCOUNT_ID" : null,
        "IGNORE_FOR_DOWNLOAD" : null,
        "INFAVOUROF" : null,
        "PAYMENT_INTERFACE_METHOD" : null,
        "PAYMENT_SUB_MODE" : null,
        "PMD_FLAG" : "N",
        "RCPT_PMNT_UPLOAD_BATCHID" : null,
        "PRESENTATION_BATCHID" : null,
        "PRESENTATION_RUN_DATE" : null,
        "PRINTING_BRANCHID" : null,
        "PRODUCT_BATCHGROUP_ID" : null,
        "PRODUCTID" : 5000007,
        "RECEIPT_AGAINST" : 51127,
        "BOUNCEX_AUTH_BUSINESSDATE" : null,
        "BOUNCEX_AUTH_DATE" : null,
        "BOUNCEX_AUTHID" : null,
        "BOUNCE_CANCEL_DATE" : "2017-01-03T18:30:00Z",
        "BOUNCEX_MAKE_BUSINESSDATE" : "2017-01-03T18:30:00Z",
        "BOUNCEX_MAKE_DATE" : "2018-08-09T12:05:43Z",
        "BOUNCEX_MAKERID" : "com.nucleus.user.User:5000129",
        "DEALINGBANK_MST_ID" : 5000000,
        "DEPOSIT_AUTH_BUSINESSDATE" : "2017-01-03T18:30:00Z",
        "DEPOSIT_AUTH_DATE" : "2018-08-09T12:04:52Z",
        "DEPOSIT_AUTHID" : "com.nucleus.user.User:5000128",
        "DEPOSITDATE" : "2017-01-03T18:30:00Z",
        "DEPOSIT_MAKE_BUSINESSDATE" : "2017-01-03T18:30:00Z",
        "DEPOSIT_MAKE_DATE" : "2018-08-09T12:04:42Z",
        "DEPOSIT_MAKERID" : "com.nucleus.user.User:5000129",
        "RECEIPT_NO" : "7",
        "TRANSACTION_AMOUNT" : 9000,
        "BIN_NUMBER" : null,
        "CUSTODIAN_ID" : null,
        "DUEDATE" : null,
        "INSTRUMENT_PURPOSE" : null,
        "INSTRUMENT_TYPE" : null,
        "PRESENTATION_DATE" : null,
        "PAYMENTMODE" : 2669,
        "RECEIPTPAYMENT_TYPE" : 50020,
        "RECEIPT_CHANNEL" : null,
        "RECEIPT_PURPOSE" : 50030,
        "REALIZATIONDATE" : null,
        "REALIZE_AUTH_BUSINESSDATE" : null,
        "REALIZE_AUTH_DATE" : null,
        "REALIZE_AUTHID" : null,
        "REALIZE_MAKE_BUSINESSDATE" : null,
        "REALIZE_MAKE_DATE" : null,
        "REALIZE_MAKERID" : null,
        "REJECT_CANCEL_DELETE_INDICATOR" : null,
        "REMARKS" : "Receipt Remark007",
        "REPRESENT_FLAG" : 51121,
        "REQUEST_CHANNEL" : 51524,
        "REVERSAL_ALLOWED" : "Y",
        "SERVICE_REQUEST_ID" : null,
        "SOURCE_ACCOUNT_NO" : null,
        "SOURCE_PAYMENT_REF_NUM" : null,
        "STALE_MARKED" : null,
        "STATUS" : "D",
        "THRESHOLD_CROSSED" : 0,
        "TXN_BRANCHID" : 5,
        "TXN_CURRENCY_MST_ID" : 42001,
        "TRANSACTION_DATE" : "2017-01-03T18:30:00Z",
        "TRANSANCTION_REFERENCEID" : 5000121,
        "TXN_STATUS_IN_UPLOAD" : null,
        "TXN_VALUE_DATE" : "2017-01-03T18:30:00Z",
        "UNHOLD_DATE" : null,
        "UPLOAD_BATCHID" : null,
        "VAPID" : null,
        "PERSISTENT_FORM_DATA" : null
      }, {
        "ID" : 5000116,
        "AUTHORIZATION_BUSINESS_DATE" : "2017-01-03T18:30:00Z",
        "CREATED_BY_URI" : "com.nucleus.user.User:5000129",
        "CREATION_TIME_STAMP" : "2018-08-09T11:55:58Z",
        "LAST_UPDATED_BY_URI" : "com.nucleus.user.User:5000129",
        "LAST_UPDATED_TIME_STAMP" : "2018-08-09T12:09:27Z",
        "PERSISTENCE_STATUS" : 0,
        "SNAPSHOT_RECORD" : 0,
        "SYSTEM_MODIFIABLE_ONLY" : 1,
        "UUID" : "21768949860037189-0.643611307357229",
        "MAKE_BUSINESS_DATE" : "2017-01-03T18:30:00Z",
        "TENANT_ID" : 505,
        "ENTITY_VERSION_ID" : 2,
        "LOAN_ACCOUNT_NO" : "PLBAPLLONS000005000006",
        "ACTION_DATE" : null,
        "ALLOCATION_LEVEL" : "A",
        "ALLOCATION_TOWARDS_CUSTOMER" : "Y",
        "APPLICATIONID" : null,
        "AUTO_ALLOCATION_FLAG" : "Y",
        "BANK_RECONCILED" : 51121,
        "BENEFICIARY_ACNO" : null,
        "BENEFICIARY_AC_TYPE" : null,
        "RETURN_REASON_MST_ID" : null,
        "BPTYPE_ID" : 2890,
        "BULK_CLEARANCE_AMOUNT" : null,
        "BULK_CLEARANCE_REF" : null,
        "BULK_CLEARANCE_REFDATE" : null,
        "BUSINESSPARTNER_ID" : null,
        "CANCEL_REASON_MST_ID" : null,
        "CANCELLATION_REF_ID" : null,
        "SOURCE_TXN_REFERENCE_NO" : null,
        "CREDIT_DEBIT_CARD" : null,
        "CLEARING_HOUSE_MST_ID" : null,
        "CURRENCY_MST_ID" : 42001,
        "CUSTOMER_NO" : "GLBCUST00000000001",
        "DOWNLOAD_BATCHID" : null,
        "DRAWER_NAME" : null,
        "DRAWNON" : null,
        "DATA_JSON_STRING" : null,
        "MODEL_META_DATA_ID" : null,
        "PLACEHOLDER_ID" : null,
        "UI_META_DATA_ID" : null,
        "EXTERNAL_DOWNLOAD_BATCHID" : null,
        "FILE_NUMBER" : null,
        "FINAL_ALLOCATION_DONE_FLAG" : "Y",
        "HOLD_DATE" : null,
        "DEPOSITOR_NAME" : null,
        "IDENTIFICATION_NUMBER" : null,
        "IDENTIFICATION_TYPE" : null,
        "INSTRUMENT_DATE" : "2017-01-03T18:30:00Z",
        "INSTRUMENT_REF_NUM" : "8",
        "KNOCKOFF_REFERENCE_ID" : null,
        "LOAN_BRANCHID" : 5,
        "LOANID" : 5000006,
        "MC_STATUS" : "C",
        "MANDATEID" : null,
        "MANUALY_ALLOCATED_FLAG" : "Y",
        "BANK_BRANCH_MST_ID" : null,
        "BANK_MST_ID" : null,
        "CITY_MST_ID" : null,
        "IFSC_CODE" : null,
        "BANK_IDENTIFICATION_CODE" : null,
        "MICR_NONMICR_FLAG" : "N",
        "MODULEID" : "LMS",
        "PARTY_REF_NO" : null,
        "PARTY_TYPE" : null,
        "PAYIN_SLIP_ID" : null,
        "PAYIN_SLIP_REFERENCE" : null,
        "PAYMENT_ACCOUNT_ID" : null,
        "IGNORE_FOR_DOWNLOAD" : null,
        "INFAVOUROF" : null,
        "PAYMENT_INTERFACE_METHOD" : null,
        "PAYMENT_SUB_MODE" : null,
        "PMD_FLAG" : "N",
        "RCPT_PMNT_UPLOAD_BATCHID" : null,
        "PRESENTATION_BATCHID" : null,
        "PRESENTATION_RUN_DATE" : null,
        "PRINTING_BRANCHID" : null,
        "PRODUCT_BATCHGROUP_ID" : null,
        "PRODUCTID" : 5000007,
        "RECEIPT_AGAINST" : 51127,
        "BOUNCEX_AUTH_BUSINESSDATE" : null,
        "BOUNCEX_AUTH_DATE" : null,
        "BOUNCEX_AUTHID" : null,
        "BOUNCE_CANCEL_DATE" : null,
        "BOUNCEX_MAKE_BUSINESSDATE" : null,
        "BOUNCEX_MAKE_DATE" : null,
        "BOUNCEX_MAKERID" : null,
        "DEALINGBANK_MST_ID" : 5000000,
        "DEPOSIT_AUTH_BUSINESSDATE" : "2017-01-03T18:30:00Z",
        "DEPOSIT_AUTH_DATE" : "2018-08-09T11:55:58Z",
        "DEPOSIT_AUTHID" : "com.nucleus.user.User:5000129",
        "DEPOSITDATE" : "2017-01-03T18:30:00Z",
        "DEPOSIT_MAKE_BUSINESSDATE" : "2017-01-03T18:30:00Z",
        "DEPOSIT_MAKE_DATE" : "2018-08-09T11:55:58Z",
        "DEPOSIT_MAKERID" : "com.nucleus.user.User:5000129",
        "RECEIPT_NO" : "8",
        "TRANSACTION_AMOUNT" : 9000,
        "BIN_NUMBER" : null,
        "CUSTODIAN_ID" : null,
        "DUEDATE" : null,
        "INSTRUMENT_PURPOSE" : null,
        "INSTRUMENT_TYPE" : null,
        "PRESENTATION_DATE" : null,
        "PAYMENTMODE" : 2669,
        "RECEIPTPAYMENT_TYPE" : 50020,
        "RECEIPT_CHANNEL" : null,
        "RECEIPT_PURPOSE" : 50030,
        "REALIZATIONDATE" : "2017-01-03T18:30:00Z",
        "REALIZE_AUTH_BUSINESSDATE" : null,
        "REALIZE_AUTH_DATE" : null,
        "REALIZE_AUTHID" : null,
        "REALIZE_MAKE_BUSINESSDATE" : "2017-01-03T18:30:00Z",
        "REALIZE_MAKE_DATE" : "2018-08-09T12:09:27Z",
        "REALIZE_MAKERID" : "com.nucleus.user.User:5000129",
        "REJECT_CANCEL_DELETE_INDICATOR" : null,
        "REMARKS" : "Receipt Remark008",
        "REPRESENT_FLAG" : 51121,
        "REQUEST_CHANNEL" : 51524,
        "REVERSAL_ALLOWED" : "Y",
        "SERVICE_REQUEST_ID" : null,
        "SOURCE_ACCOUNT_NO" : null,
        "SOURCE_PAYMENT_REF_NUM" : null,
        "STALE_MARKED" : null,
        "STATUS" : "D",
        "THRESHOLD_CROSSED" : 0,
        "TXN_BRANCHID" : 5,
        "TXN_CURRENCY_MST_ID" : 42001,
        "TRANSACTION_DATE" : "2017-01-03T18:30:00Z",
        "TRANSANCTION_REFERENCEID" : 5000122,
        "TXN_STATUS_IN_UPLOAD" : null,
        "TXN_VALUE_DATE" : "2017-01-03T18:30:00Z",
        "UNHOLD_DATE" : null,
        "UPLOAD_BATCHID" : null,
        "VAPID" : null,
        "PERSISTENT_FORM_DATA" : null
      }, {
        "ID" : 5000117,
        "AUTHORIZATION_BUSINESS_DATE" : "2017-01-03T18:30:00Z",
        "CREATED_BY_URI" : "com.nucleus.user.User:5000129",
        "CREATION_TIME_STAMP" : "2018-08-09T11:55:58Z",
        "LAST_UPDATED_BY_URI" : "com.nucleus.user.User:5000129",
        "LAST_UPDATED_TIME_STAMP" : "2018-08-09T11:55:58Z",
        "PERSISTENCE_STATUS" : 0,
        "SNAPSHOT_RECORD" : 0,
        "SYSTEM_MODIFIABLE_ONLY" : 1,
        "UUID" : "21768949862411580-0.3338985493923685",
        "MAKE_BUSINESS_DATE" : "2017-01-03T18:30:00Z",
        "TENANT_ID" : 505,
        "ENTITY_VERSION_ID" : 1,
        "LOAN_ACCOUNT_NO" : "PLBAPLLONS000005000006",
        "ACTION_DATE" : null,
        "ALLOCATION_LEVEL" : "A",
        "ALLOCATION_TOWARDS_CUSTOMER" : "Y",
        "APPLICATIONID" : null,
        "AUTO_ALLOCATION_FLAG" : "Y",
        "BANK_RECONCILED" : 51121,
        "BENEFICIARY_ACNO" : null,
        "BENEFICIARY_AC_TYPE" : null,
        "RETURN_REASON_MST_ID" : null,
        "BPTYPE_ID" : 2890,
        "BULK_CLEARANCE_AMOUNT" : null,
        "BULK_CLEARANCE_REF" : null,
        "BULK_CLEARANCE_REFDATE" : null,
        "BUSINESSPARTNER_ID" : null,
        "CANCEL_REASON_MST_ID" : null,
        "CANCELLATION_REF_ID" : null,
        "SOURCE_TXN_REFERENCE_NO" : null,
        "CREDIT_DEBIT_CARD" : null,
        "CLEARING_HOUSE_MST_ID" : null,
        "CURRENCY_MST_ID" : 42001,
        "CUSTOMER_NO" : "GLBCUST00000000001",
        "DOWNLOAD_BATCHID" : null,
        "DRAWER_NAME" : null,
        "DRAWNON" : null,
        "DATA_JSON_STRING" : null,
        "MODEL_META_DATA_ID" : null,
        "PLACEHOLDER_ID" : null,
        "UI_META_DATA_ID" : null,
        "EXTERNAL_DOWNLOAD_BATCHID" : null,
        "FILE_NUMBER" : null,
        "FINAL_ALLOCATION_DONE_FLAG" : "Y",
        "HOLD_DATE" : null,
        "DEPOSITOR_NAME" : null,
        "IDENTIFICATION_NUMBER" : null,
        "IDENTIFICATION_TYPE" : null,
        "INSTRUMENT_DATE" : "2017-01-03T18:30:00Z",
        "INSTRUMENT_REF_NUM" : "9",
        "KNOCKOFF_REFERENCE_ID" : null,
        "LOAN_BRANCHID" : 5,
        "LOANID" : 5000006,
        "MC_STATUS" : "A",
        "MANDATEID" : null,
        "MANUALY_ALLOCATED_FLAG" : "Y",
        "BANK_BRANCH_MST_ID" : null,
        "BANK_MST_ID" : null,
        "CITY_MST_ID" : null,
        "IFSC_CODE" : null,
        "BANK_IDENTIFICATION_CODE" : null,
        "MICR_NONMICR_FLAG" : "N",
        "MODULEID" : "LMS",
        "PARTY_REF_NO" : null,
        "PARTY_TYPE" : null,
        "PAYIN_SLIP_ID" : null,
        "PAYIN_SLIP_REFERENCE" : null,
        "PAYMENT_ACCOUNT_ID" : null,
        "IGNORE_FOR_DOWNLOAD" : null,
        "INFAVOUROF" : null,
        "PAYMENT_INTERFACE_METHOD" : null,
        "PAYMENT_SUB_MODE" : null,
        "PMD_FLAG" : "N",
        "RCPT_PMNT_UPLOAD_BATCHID" : null,
        "PRESENTATION_BATCHID" : null,
        "PRESENTATION_RUN_DATE" : null,
        "PRINTING_BRANCHID" : null,
        "PRODUCT_BATCHGROUP_ID" : null,
        "PRODUCTID" : 5000007,
        "RECEIPT_AGAINST" : 51127,
        "BOUNCEX_AUTH_BUSINESSDATE" : null,
        "BOUNCEX_AUTH_DATE" : null,
        "BOUNCEX_AUTHID" : null,
        "BOUNCE_CANCEL_DATE" : null,
        "BOUNCEX_MAKE_BUSINESSDATE" : null,
        "BOUNCEX_MAKE_DATE" : null,
        "BOUNCEX_MAKERID" : null,
        "DEALINGBANK_MST_ID" : 5000000,
        "DEPOSIT_AUTH_BUSINESSDATE" : "2017-01-03T18:30:00Z",
        "DEPOSIT_AUTH_DATE" : "2018-08-09T11:55:58Z",
        "DEPOSIT_AUTHID" : "com.nucleus.user.User:5000129",
        "DEPOSITDATE" : "2017-01-03T18:30:00Z",
        "DEPOSIT_MAKE_BUSINESSDATE" : "2017-01-03T18:30:00Z",
        "DEPOSIT_MAKE_DATE" : "2018-08-09T11:55:58Z",
        "DEPOSIT_MAKERID" : "com.nucleus.user.User:5000129",
        "RECEIPT_NO" : "9",
        "TRANSACTION_AMOUNT" : 9000,
        "BIN_NUMBER" : null,
        "CUSTODIAN_ID" : null,
        "DUEDATE" : null,
        "INSTRUMENT_PURPOSE" : null,
        "INSTRUMENT_TYPE" : null,
        "PRESENTATION_DATE" : null,
        "PAYMENTMODE" : 2669,
        "RECEIPTPAYMENT_TYPE" : 50020,
        "RECEIPT_CHANNEL" : null,
        "RECEIPT_PURPOSE" : 50030,
        "REALIZATIONDATE" : "2017-01-03T18:30:00Z",
        "REALIZE_AUTH_BUSINESSDATE" : "2017-01-03T18:30:00Z",
        "REALIZE_AUTH_DATE" : "2018-08-09T11:55:58Z",
        "REALIZE_AUTHID" : "com.nucleus.user.User:5000129",
        "REALIZE_MAKE_BUSINESSDATE" : "2017-01-03T18:30:00Z",
        "REALIZE_MAKE_DATE" : "2018-08-09T11:55:58Z",
        "REALIZE_MAKERID" : "com.nucleus.user.User:5000129",
        "REJECT_CANCEL_DELETE_INDICATOR" : null,
        "REMARKS" : "Receipt Remark009",
        "REPRESENT_FLAG" : 51121,
        "REQUEST_CHANNEL" : 51524,
        "REVERSAL_ALLOWED" : "Y",
        "SERVICE_REQUEST_ID" : null,
        "SOURCE_ACCOUNT_NO" : null,
        "SOURCE_PAYMENT_REF_NUM" : null,
        "STALE_MARKED" : null,
        "STATUS" : "C",
        "THRESHOLD_CROSSED" : 0,
        "TXN_BRANCHID" : 5,
        "TXN_CURRENCY_MST_ID" : 42001,
        "TRANSACTION_DATE" : "2017-01-03T18:30:00Z",
        "TRANSANCTION_REFERENCEID" : 5000123,
        "TXN_STATUS_IN_UPLOAD" : null,
        "TXN_VALUE_DATE" : "2017-01-03T18:30:00Z",
        "UNHOLD_DATE" : null,
        "UPLOAD_BATCHID" : null,
        "VAPID" : null,
        "PERSISTENT_FORM_DATA" : null
      }, {
        "ID" : 5000119,
        "AUTHORIZATION_BUSINESS_DATE" : null,
        "CREATED_BY_URI" : "com.nucleus.user.User:5000129",
        "CREATION_TIME_STAMP" : "2018-08-09T12:04:16Z",
        "LAST_UPDATED_BY_URI" : null,
        "LAST_UPDATED_TIME_STAMP" : "2018-08-09T12:04:16Z",
        "PERSISTENCE_STATUS" : 1,
        "SNAPSHOT_RECORD" : 0,
        "SYSTEM_MODIFIABLE_ONLY" : 1,
        "UUID" : "21769447713953275-0.2912936627003192",
        "MAKE_BUSINESS_DATE" : "2017-01-03T18:30:00Z",
        "TENANT_ID" : 505,
        "ENTITY_VERSION_ID" : 1,
        "LOAN_ACCOUNT_NO" : "PLBAPLLONS000005000006",
        "ACTION_DATE" : null,
        "ALLOCATION_LEVEL" : "A",
        "ALLOCATION_TOWARDS_CUSTOMER" : "Y",
        "APPLICATIONID" : null,
        "AUTO_ALLOCATION_FLAG" : "Y",
        "BANK_RECONCILED" : 51121,
        "BENEFICIARY_ACNO" : null,
        "BENEFICIARY_AC_TYPE" : null,
        "RETURN_REASON_MST_ID" : null,
        "BPTYPE_ID" : 2890,
        "BULK_CLEARANCE_AMOUNT" : null,
        "BULK_CLEARANCE_REF" : null,
        "BULK_CLEARANCE_REFDATE" : null,
        "BUSINESSPARTNER_ID" : null,
        "CANCEL_REASON_MST_ID" : null,
        "CANCELLATION_REF_ID" : null,
        "SOURCE_TXN_REFERENCE_NO" : null,
        "CREDIT_DEBIT_CARD" : null,
        "CLEARING_HOUSE_MST_ID" : null,
        "CURRENCY_MST_ID" : 42001,
        "CUSTOMER_NO" : "GLBCUST00000000001",
        "DOWNLOAD_BATCHID" : null,
        "DRAWER_NAME" : null,
        "DRAWNON" : null,
        "DATA_JSON_STRING" : null,
        "MODEL_META_DATA_ID" : null,
        "PLACEHOLDER_ID" : null,
        "UI_META_DATA_ID" : null,
        "EXTERNAL_DOWNLOAD_BATCHID" : null,
        "FILE_NUMBER" : null,
        "FINAL_ALLOCATION_DONE_FLAG" : "N",
        "HOLD_DATE" : null,
        "DEPOSITOR_NAME" : null,
        "IDENTIFICATION_NUMBER" : null,
        "IDENTIFICATION_TYPE" : null,
        "INSTRUMENT_DATE" : "2017-01-03T18:30:00Z",
        "INSTRUMENT_REF_NUM" : "213",
        "KNOCKOFF_REFERENCE_ID" : null,
        "LOAN_BRANCHID" : 5,
        "LOANID" : 5000006,
        "MC_STATUS" : "N",
        "MANDATEID" : null,
        "MANUALY_ALLOCATED_FLAG" : "N",
        "BANK_BRANCH_MST_ID" : 5000002,
        "BANK_MST_ID" : 5000000,
        "CITY_MST_ID" : 5000000,
        "IFSC_CODE" : null,
        "BANK_IDENTIFICATION_CODE" : "987654321",
        "MICR_NONMICR_FLAG" : "Y",
        "MODULEID" : "LMS",
        "PARTY_REF_NO" : null,
        "PARTY_TYPE" : null,
        "PAYIN_SLIP_ID" : null,
        "PAYIN_SLIP_REFERENCE" : null,
        "PAYMENT_ACCOUNT_ID" : null,
        "IGNORE_FOR_DOWNLOAD" : null,
        "INFAVOUROF" : null,
        "PAYMENT_INTERFACE_METHOD" : null,
        "PAYMENT_SUB_MODE" : null,
        "PMD_FLAG" : "N",
        "RCPT_PMNT_UPLOAD_BATCHID" : null,
        "PRESENTATION_BATCHID" : null,
        "PRESENTATION_RUN_DATE" : null,
        "PRINTING_BRANCHID" : null,
        "PRODUCT_BATCHGROUP_ID" : null,
        "PRODUCTID" : 5000007,
        "RECEIPT_AGAINST" : 51127,
        "BOUNCEX_AUTH_BUSINESSDATE" : null,
        "BOUNCEX_AUTH_DATE" : null,
        "BOUNCEX_AUTHID" : null,
        "BOUNCE_CANCEL_DATE" : null,
        "BOUNCEX_MAKE_BUSINESSDATE" : null,
        "BOUNCEX_MAKE_DATE" : null,
        "BOUNCEX_MAKERID" : null,
        "DEALINGBANK_MST_ID" : null,
        "DEPOSIT_AUTH_BUSINESSDATE" : null,
        "DEPOSIT_AUTH_DATE" : null,
        "DEPOSIT_AUTHID" : null,
        "DEPOSITDATE" : null,
        "DEPOSIT_MAKE_BUSINESSDATE" : null,
        "DEPOSIT_MAKE_DATE" : null,
        "DEPOSIT_MAKERID" : null,
        "RECEIPT_NO" : "23",
        "TRANSACTION_AMOUNT" : 512310,
        "BIN_NUMBER" : null,
        "CUSTODIAN_ID" : null,
        "DUEDATE" : null,
        "INSTRUMENT_PURPOSE" : null,
        "INSTRUMENT_TYPE" : null,
        "PRESENTATION_DATE" : null,
        "PAYMENTMODE" : 2670,
        "RECEIPTPAYMENT_TYPE" : 50020,
        "RECEIPT_CHANNEL" : null,
        "RECEIPT_PURPOSE" : 51238,
        "REALIZATIONDATE" : null,
        "REALIZE_AUTH_BUSINESSDATE" : null,
        "REALIZE_AUTH_DATE" : null,
        "REALIZE_AUTHID" : null,
        "REALIZE_MAKE_BUSINESSDATE" : null,
        "REALIZE_MAKE_DATE" : null,
        "REALIZE_MAKERID" : null,
        "REJECT_CANCEL_DELETE_INDICATOR" : null,
        "REMARKS" : null,
        "REPRESENT_FLAG" : 51121,
        "REQUEST_CHANNEL" : 51292,
        "REVERSAL_ALLOWED" : "Y",
        "SERVICE_REQUEST_ID" : null,
        "SOURCE_ACCOUNT_NO" : null,
        "SOURCE_PAYMENT_REF_NUM" : null,
        "STALE_MARKED" : null,
        "STATUS" : "R",
        "THRESHOLD_CROSSED" : 0,
        "TXN_BRANCHID" : 5,
        "TXN_CURRENCY_MST_ID" : 42001,
        "TRANSACTION_DATE" : "2017-01-03T18:30:00Z",
        "TRANSANCTION_REFERENCEID" : 5000125,
        "TXN_STATUS_IN_UPLOAD" : null,
        "TXN_VALUE_DATE" : "2017-01-03T18:30:00Z",
        "UNHOLD_DATE" : null,
        "UPLOAD_BATCHID" : null,
        "VAPID" : null,
        "PERSISTENT_FORM_DATA" : null
      }, {
        "ID" : 5000152,
        "AUTHORIZATION_BUSINESS_DATE" : null,
        "CREATED_BY_URI" : "com.nucleus.user.User:5000023",
        "CREATION_TIME_STAMP" : "2018-08-10T04:54:47Z",
        "LAST_UPDATED_BY_URI" : null,
        "LAST_UPDATED_TIME_STAMP" : "2018-08-10T04:54:47Z",
        "PERSISTENCE_STATUS" : 1,
        "SNAPSHOT_RECORD" : 0,
        "SYSTEM_MODIFIABLE_ONLY" : 1,
        "UUID" : "21830077550770371-0.9006307211522503",
        "MAKE_BUSINESS_DATE" : "2017-01-03T18:30:00Z",
        "TENANT_ID" : 505,
        "ENTITY_VERSION_ID" : 1,
        "LOAN_ACCOUNT_NO" : "PLBAPLLONS000005000006",
        "ACTION_DATE" : null,
        "ALLOCATION_LEVEL" : null,
        "ALLOCATION_TOWARDS_CUSTOMER" : null,
        "APPLICATIONID" : null,
        "AUTO_ALLOCATION_FLAG" : "Y",
        "BANK_RECONCILED" : null,
        "BENEFICIARY_ACNO" : null,
        "BENEFICIARY_AC_TYPE" : null,
        "RETURN_REASON_MST_ID" : null,
        "BPTYPE_ID" : 2890,
        "BULK_CLEARANCE_AMOUNT" : null,
        "BULK_CLEARANCE_REF" : null,
        "BULK_CLEARANCE_REFDATE" : null,
        "BUSINESSPARTNER_ID" : null,
        "CANCEL_REASON_MST_ID" : null,
        "CANCELLATION_REF_ID" : null,
        "SOURCE_TXN_REFERENCE_NO" : null,
        "CREDIT_DEBIT_CARD" : null,
        "CLEARING_HOUSE_MST_ID" : null,
        "CURRENCY_MST_ID" : 42001,
        "CUSTOMER_NO" : "GLBCUST00000000001",
        "DOWNLOAD_BATCHID" : null,
        "DRAWER_NAME" : null,
        "DRAWNON" : null,
        "DATA_JSON_STRING" : null,
        "MODEL_META_DATA_ID" : null,
        "PLACEHOLDER_ID" : null,
        "UI_META_DATA_ID" : null,
        "EXTERNAL_DOWNLOAD_BATCHID" : null,
        "FILE_NUMBER" : null,
        "FINAL_ALLOCATION_DONE_FLAG" : "Y",
        "HOLD_DATE" : null,
        "DEPOSITOR_NAME" : null,
        "IDENTIFICATION_NUMBER" : null,
        "IDENTIFICATION_TYPE" : null,
        "INSTRUMENT_DATE" : null,
        "INSTRUMENT_REF_NUM" : null,
        "KNOCKOFF_REFERENCE_ID" : 5000062,
        "LOAN_BRANCHID" : 5,
        "LOANID" : 5000006,
        "MC_STATUS" : "A",
        "MANDATEID" : null,
        "MANUALY_ALLOCATED_FLAG" : "Y",
        "BANK_BRANCH_MST_ID" : null,
        "BANK_MST_ID" : null,
        "CITY_MST_ID" : null,
        "IFSC_CODE" : null,
        "BANK_IDENTIFICATION_CODE" : null,
        "MICR_NONMICR_FLAG" : null,
        "MODULEID" : "LMS",
        "PARTY_REF_NO" : null,
        "PARTY_TYPE" : null,
        "PAYIN_SLIP_ID" : null,
        "PAYIN_SLIP_REFERENCE" : null,
        "PAYMENT_ACCOUNT_ID" : null,
        "IGNORE_FOR_DOWNLOAD" : null,
        "INFAVOUROF" : null,
        "PAYMENT_INTERFACE_METHOD" : null,
        "PAYMENT_SUB_MODE" : null,
        "PMD_FLAG" : "N",
        "RCPT_PMNT_UPLOAD_BATCHID" : null,
        "PRESENTATION_BATCHID" : null,
        "PRESENTATION_RUN_DATE" : null,
        "PRINTING_BRANCHID" : null,
        "PRODUCT_BATCHGROUP_ID" : null,
        "PRODUCTID" : 5000007,
        "RECEIPT_AGAINST" : 51127,
        "BOUNCEX_AUTH_BUSINESSDATE" : null,
        "BOUNCEX_AUTH_DATE" : null,
        "BOUNCEX_AUTHID" : null,
        "BOUNCE_CANCEL_DATE" : null,
        "BOUNCEX_MAKE_BUSINESSDATE" : null,
        "BOUNCEX_MAKE_DATE" : null,
        "BOUNCEX_MAKERID" : null,
        "DEALINGBANK_MST_ID" : null,
        "DEPOSIT_AUTH_BUSINESSDATE" : null,
        "DEPOSIT_AUTH_DATE" : null,
        "DEPOSIT_AUTHID" : null,
        "DEPOSITDATE" : "2017-01-03T18:30:00Z",
        "DEPOSIT_MAKE_BUSINESSDATE" : null,
        "DEPOSIT_MAKE_DATE" : null,
        "DEPOSIT_MAKERID" : null,
        "RECEIPT_NO" : null,
        "TRANSACTION_AMOUNT" : 1047.36,
        "BIN_NUMBER" : null,
        "CUSTODIAN_ID" : null,
        "DUEDATE" : null,
        "INSTRUMENT_PURPOSE" : null,
        "INSTRUMENT_TYPE" : null,
        "PRESENTATION_DATE" : null,
        "PAYMENTMODE" : 51067,
        "RECEIPTPAYMENT_TYPE" : 50106,
        "RECEIPT_CHANNEL" : null,
        "RECEIPT_PURPOSE" : null,
        "REALIZATIONDATE" : "2017-01-03T18:30:00Z",
        "REALIZE_AUTH_BUSINESSDATE" : "2017-01-03T18:30:00Z",
        "REALIZE_AUTH_DATE" : "2018-08-10T04:54:47Z",
        "REALIZE_AUTHID" : "com.nucleus.user.User:9001",
        "REALIZE_MAKE_BUSINESSDATE" : null,
        "REALIZE_MAKE_DATE" : null,
        "REALIZE_MAKERID" : null,
        "REJECT_CANCEL_DELETE_INDICATOR" : null,
        "REMARKS" : null,
        "REPRESENT_FLAG" : 51121,
        "REQUEST_CHANNEL" : null,
        "REVERSAL_ALLOWED" : "Y",
        "SERVICE_REQUEST_ID" : null,
        "SOURCE_ACCOUNT_NO" : null,
        "SOURCE_PAYMENT_REF_NUM" : null,
        "STALE_MARKED" : null,
        "STATUS" : "C",
        "THRESHOLD_CROSSED" : null,
        "TXN_BRANCHID" : 5,
        "TXN_CURRENCY_MST_ID" : 42001,
        "TRANSACTION_DATE" : "2017-01-03T18:30:00Z",
        "TRANSANCTION_REFERENCEID" : 5000159,
        "TXN_STATUS_IN_UPLOAD" : null,
        "TXN_VALUE_DATE" : "2017-01-03T18:30:00Z",
        "UNHOLD_DATE" : null,
        "UPLOAD_BATCHID" : null,
        "VAPID" : null,
        "PERSISTENT_FORM_DATA" : null
      }, {
        "ID" : 5000099,
        "AUTHORIZATION_BUSINESS_DATE" : "2017-01-03T18:30:00Z",
        "CREATED_BY_URI" : "com.nucleus.user.User:9015",
        "CREATION_TIME_STAMP" : "2018-08-09T10:33:00Z",
        "LAST_UPDATED_BY_URI" : "com.nucleus.user.User:9001",
        "LAST_UPDATED_TIME_STAMP" : "2018-08-09T12:56:32Z",
        "PERSISTENCE_STATUS" : 0,
        "SNAPSHOT_RECORD" : 0,
        "SYSTEM_MODIFIABLE_ONLY" : 1,
        "UUID" : "21763971089867369-0.17542673121854946",
        "MAKE_BUSINESS_DATE" : "2017-01-03T18:30:00Z",
        "TENANT_ID" : 505,
        "ENTITY_VERSION_ID" : 2,
        "LOAN_ACCOUNT_NO" : "PLBAPLLONS000005000006",
        "ACTION_DATE" : null,
        "ALLOCATION_LEVEL" : "C",
        "ALLOCATION_TOWARDS_CUSTOMER" : "Y",
        "APPLICATIONID" : null,
        "AUTO_ALLOCATION_FLAG" : "Y",
        "BANK_RECONCILED" : 51121,
        "BENEFICIARY_ACNO" : null,
        "BENEFICIARY_AC_TYPE" : 2614,
        "RETURN_REASON_MST_ID" : 406616,
        "BPTYPE_ID" : 2890,
        "BULK_CLEARANCE_AMOUNT" : null,
        "BULK_CLEARANCE_REF" : null,
        "BULK_CLEARANCE_REFDATE" : null,
        "BUSINESSPARTNER_ID" : null,
        "CANCEL_REASON_MST_ID" : null,
        "CANCELLATION_REF_ID" : null,
        "SOURCE_TXN_REFERENCE_NO" : null,
        "CREDIT_DEBIT_CARD" : null,
        "CLEARING_HOUSE_MST_ID" : 5000000,
        "CURRENCY_MST_ID" : 42001,
        "CUSTOMER_NO" : "GLBCUST00000000001",
        "DOWNLOAD_BATCHID" : null,
        "DRAWER_NAME" : null,
        "DRAWNON" : null,
        "DATA_JSON_STRING" : null,
        "MODEL_META_DATA_ID" : null,
        "PLACEHOLDER_ID" : null,
        "UI_META_DATA_ID" : null,
        "EXTERNAL_DOWNLOAD_BATCHID" : null,
        "FILE_NUMBER" : null,
        "FINAL_ALLOCATION_DONE_FLAG" : "Y",
        "HOLD_DATE" : null,
        "DEPOSITOR_NAME" : null,
        "IDENTIFICATION_NUMBER" : null,
        "IDENTIFICATION_TYPE" : null,
        "INSTRUMENT_DATE" : "2017-01-03T18:30:00Z",
        "INSTRUMENT_REF_NUM" : "A5000006/1",
        "KNOCKOFF_REFERENCE_ID" : null,
        "LOAN_BRANCHID" : 5,
        "LOANID" : 5000006,
        "MC_STATUS" : "A",
        "MANDATEID" : 5000003,
        "MANUALY_ALLOCATED_FLAG" : "Y",
        "BANK_BRANCH_MST_ID" : 5000002,
        "BANK_MST_ID" : 5000000,
        "CITY_MST_ID" : 5000000,
        "IFSC_CODE" : "401501",
        "BANK_IDENTIFICATION_CODE" : "987654321",
        "MICR_NONMICR_FLAG" : "Y",
        "MODULEID" : "LMS",
        "PARTY_REF_NO" : "GLBCUST00000000001",
        "PARTY_TYPE" : 51011,
        "PAYIN_SLIP_ID" : null,
        "PAYIN_SLIP_REFERENCE" : null,
        "PAYMENT_ACCOUNT_ID" : null,
        "IGNORE_FOR_DOWNLOAD" : null,
        "INFAVOUROF" : null,
        "PAYMENT_INTERFACE_METHOD" : null,
        "PAYMENT_SUB_MODE" : 50018,
        "PMD_FLAG" : "Y",
        "RCPT_PMNT_UPLOAD_BATCHID" : null,
        "PRESENTATION_BATCHID" : 5000006,
        "PRESENTATION_RUN_DATE" : "2016-12-31T18:30:00Z",
        "PRINTING_BRANCHID" : null,
        "PRODUCT_BATCHGROUP_ID" : 5000002,
        "PRODUCTID" : 5000007,
        "RECEIPT_AGAINST" : 51127,
        "BOUNCEX_AUTH_BUSINESSDATE" : "2017-01-03T18:30:00Z",
        "BOUNCEX_AUTH_DATE" : "2018-08-09T12:56:32Z",
        "BOUNCEX_AUTHID" : "com.nucleus.user.User:5000025",
        "BOUNCE_CANCEL_DATE" : "2017-01-03T18:30:00Z",
        "BOUNCEX_MAKE_BUSINESSDATE" : "2017-01-03T18:30:00Z",
        "BOUNCEX_MAKE_DATE" : "2018-08-09T12:56:32Z",
        "BOUNCEX_MAKERID" : "com.nucleus.user.User:5000025",
        "DEALINGBANK_MST_ID" : 5000000,
        "DEPOSIT_AUTH_BUSINESSDATE" : "2017-01-03T18:30:00Z",
        "DEPOSIT_AUTH_DATE" : "2018-08-09T10:33:00Z",
        "DEPOSIT_AUTHID" : "com.nucleus.user.User:9015",
        "DEPOSITDATE" : "2017-01-03T18:30:00Z",
        "DEPOSIT_MAKE_BUSINESSDATE" : "2017-01-03T18:30:00Z",
        "DEPOSIT_MAKE_DATE" : "2018-08-09T10:33:00Z",
        "DEPOSIT_MAKERID" : "com.nucleus.user.User:9015",
        "RECEIPT_NO" : null,
        "TRANSACTION_AMOUNT" : 872.8,
        "BIN_NUMBER" : null,
        "CUSTODIAN_ID" : 515006,
        "DUEDATE" : "2017-01-03T18:30:00Z",
        "INSTRUMENT_PURPOSE" : "I",
        "INSTRUMENT_TYPE" : null,
        "PRESENTATION_DATE" : "2017-01-03T18:30:00Z",
        "PAYMENTMODE" : 60214,
        "RECEIPTPAYMENT_TYPE" : 50020,
        "RECEIPT_CHANNEL" : 50007,
        "RECEIPT_PURPOSE" : 50030,
        "REALIZATIONDATE" : "2017-01-03T18:30:00Z",
        "REALIZE_AUTH_BUSINESSDATE" : "2017-01-03T18:30:00Z",
        "REALIZE_AUTH_DATE" : "2018-08-09T12:56:32Z",
        "REALIZE_AUTHID" : "com.nucleus.user.User:5000025",
        "REALIZE_MAKE_BUSINESSDATE" : "2017-01-03T18:30:00Z",
        "REALIZE_MAKE_DATE" : "2018-08-09T12:56:32Z",
        "REALIZE_MAKERID" : "com.nucleus.user.User:5000025",
        "REJECT_CANCEL_DELETE_INDICATOR" : null,
        "REMARKS" : null,
        "REPRESENT_FLAG" : 51121,
        "REQUEST_CHANNEL" : 51524,
        "REVERSAL_ALLOWED" : "N",
        "SERVICE_REQUEST_ID" : null,
        "SOURCE_ACCOUNT_NO" : "34543",
        "SOURCE_PAYMENT_REF_NUM" : null,
        "STALE_MARKED" : null,
        "STATUS" : "B",
        "THRESHOLD_CROSSED" : 0,
        "TXN_BRANCHID" : 5,
        "TXN_CURRENCY_MST_ID" : 42001,
        "TRANSACTION_DATE" : "2017-01-03T18:30:00Z",
        "TRANSANCTION_REFERENCEID" : 5000007,
        "TXN_STATUS_IN_UPLOAD" : null,
        "TXN_VALUE_DATE" : "2017-01-03T18:30:00Z",
        "UNHOLD_DATE" : null,
        "UPLOAD_BATCHID" : null,
        "VAPID" : null,
        "PERSISTENT_FORM_DATA" : null
      }, {
        "ID" : 5000101,
        "AUTHORIZATION_BUSINESS_DATE" : "2017-01-03T18:30:00Z",
        "CREATED_BY_URI" : "com.nucleus.user.User:9015",
        "CREATION_TIME_STAMP" : "2018-08-09T10:33:00Z",
        "LAST_UPDATED_BY_URI" : "com.nucleus.user.User:9001",
        "LAST_UPDATED_TIME_STAMP" : "2018-08-09T13:20:59Z",
        "PERSISTENCE_STATUS" : 0,
        "SNAPSHOT_RECORD" : 0,
        "SYSTEM_MODIFIABLE_ONLY" : 1,
        "UUID" : "21763971259981552-0.4014590563683298",
        "MAKE_BUSINESS_DATE" : "2017-01-03T18:30:00Z",
        "TENANT_ID" : 505,
        "ENTITY_VERSION_ID" : 2,
        "LOAN_ACCOUNT_NO" : "PLBAPLLONS000005000006",
        "ACTION_DATE" : null,
        "ALLOCATION_LEVEL" : "C",
        "ALLOCATION_TOWARDS_CUSTOMER" : "Y",
        "APPLICATIONID" : null,
        "AUTO_ALLOCATION_FLAG" : "Y",
        "BANK_RECONCILED" : 51121,
        "BENEFICIARY_ACNO" : null,
        "BENEFICIARY_AC_TYPE" : 2613,
        "RETURN_REASON_MST_ID" : 5000000,
        "BPTYPE_ID" : 2890,
        "BULK_CLEARANCE_AMOUNT" : null,
        "BULK_CLEARANCE_REF" : null,
        "BULK_CLEARANCE_REFDATE" : null,
        "BUSINESSPARTNER_ID" : null,
        "CANCEL_REASON_MST_ID" : null,
        "CANCELLATION_REF_ID" : null,
        "SOURCE_TXN_REFERENCE_NO" : null,
        "CREDIT_DEBIT_CARD" : null,
        "CLEARING_HOUSE_MST_ID" : 5000002,
        "CURRENCY_MST_ID" : 42001,
        "CUSTOMER_NO" : "GLBCUST00000000001",
        "DOWNLOAD_BATCHID" : null,
        "DRAWER_NAME" : null,
        "DRAWNON" : null,
        "DATA_JSON_STRING" : null,
        "MODEL_META_DATA_ID" : null,
        "PLACEHOLDER_ID" : null,
        "UI_META_DATA_ID" : null,
        "EXTERNAL_DOWNLOAD_BATCHID" : null,
        "FILE_NUMBER" : null,
        "FINAL_ALLOCATION_DONE_FLAG" : "Y",
        "HOLD_DATE" : null,
        "DEPOSITOR_NAME" : null,
        "IDENTIFICATION_NUMBER" : null,
        "IDENTIFICATION_TYPE" : null,
        "INSTRUMENT_DATE" : "2017-01-03T18:30:00Z",
        "INSTRUMENT_REF_NUM" : "N5000006/1",
        "KNOCKOFF_REFERENCE_ID" : null,
        "LOAN_BRANCHID" : 5,
        "LOANID" : 5000006,
        "MC_STATUS" : "A",
        "MANDATEID" : 5000005,
        "MANUALY_ALLOCATED_FLAG" : "Y",
        "BANK_BRANCH_MST_ID" : 5000002,
        "BANK_MST_ID" : 5000000,
        "CITY_MST_ID" : 5000000,
        "IFSC_CODE" : "401501",
        "BANK_IDENTIFICATION_CODE" : "987654321",
        "MICR_NONMICR_FLAG" : "Y",
        "MODULEID" : "LMS",
        "PARTY_REF_NO" : "GLBCUST00000000001",
        "PARTY_TYPE" : 51011,
        "PAYIN_SLIP_ID" : null,
        "PAYIN_SLIP_REFERENCE" : null,
        "PAYMENT_ACCOUNT_ID" : null,
        "IGNORE_FOR_DOWNLOAD" : null,
        "INFAVOUROF" : null,
        "PAYMENT_INTERFACE_METHOD" : null,
        "PAYMENT_SUB_MODE" : 600025,
        "PMD_FLAG" : "Y",
        "RCPT_PMNT_UPLOAD_BATCHID" : null,
        "PRESENTATION_BATCHID" : 5000012,
        "PRESENTATION_RUN_DATE" : "2016-12-31T18:30:00Z",
        "PRINTING_BRANCHID" : null,
        "PRODUCT_BATCHGROUP_ID" : 5000000,
        "PRODUCTID" : 5000007,
        "RECEIPT_AGAINST" : 51127,
        "BOUNCEX_AUTH_BUSINESSDATE" : "2017-01-03T18:30:00Z",
        "BOUNCEX_AUTH_DATE" : "2018-08-09T13:20:59Z",
        "BOUNCEX_AUTHID" : "com.nucleus.user.User:5000025",
        "BOUNCE_CANCEL_DATE" : null,
        "BOUNCEX_MAKE_BUSINESSDATE" : "2017-01-03T18:30:00Z",
        "BOUNCEX_MAKE_DATE" : "2018-08-09T13:20:59Z",
        "BOUNCEX_MAKERID" : "com.nucleus.user.User:5000025",
        "DEALINGBANK_MST_ID" : 5000000,
        "DEPOSIT_AUTH_BUSINESSDATE" : "2017-01-03T18:30:00Z",
        "DEPOSIT_AUTH_DATE" : "2018-08-09T10:33:00Z",
        "DEPOSIT_AUTHID" : "com.nucleus.user.User:9015",
        "DEPOSITDATE" : "2017-01-03T18:30:00Z",
        "DEPOSIT_MAKE_BUSINESSDATE" : "2017-01-03T18:30:00Z",
        "DEPOSIT_MAKE_DATE" : "2018-08-09T10:33:00Z",
        "DEPOSIT_MAKERID" : "com.nucleus.user.User:9015",
        "RECEIPT_NO" : null,
        "TRANSACTION_AMOUNT" : 174.56,
        "BIN_NUMBER" : null,
        "CUSTODIAN_ID" : 515006,
        "DUEDATE" : "2017-01-03T18:30:00Z",
        "INSTRUMENT_PURPOSE" : "I",
        "INSTRUMENT_TYPE" : null,
        "PRESENTATION_DATE" : "2017-01-03T18:30:00Z",
        "PAYMENTMODE" : 60214,
        "RECEIPTPAYMENT_TYPE" : 50020,
        "RECEIPT_CHANNEL" : 50007,
        "RECEIPT_PURPOSE" : 50030,
        "REALIZATIONDATE" : null,
        "REALIZE_AUTH_BUSINESSDATE" : "2017-01-03T18:30:00Z",
        "REALIZE_AUTH_DATE" : "2018-08-09T13:20:59Z",
        "REALIZE_AUTHID" : "com.nucleus.user.User:5000025",
        "REALIZE_MAKE_BUSINESSDATE" : "2017-01-03T18:30:00Z",
        "REALIZE_MAKE_DATE" : "2018-08-09T13:20:59Z",
        "REALIZE_MAKERID" : "com.nucleus.user.User:5000025",
        "REJECT_CANCEL_DELETE_INDICATOR" : null,
        "REMARKS" : null,
        "REPRESENT_FLAG" : 51121,
        "REQUEST_CHANNEL" : 51524,
        "REVERSAL_ALLOWED" : "N",
        "SERVICE_REQUEST_ID" : null,
        "SOURCE_ACCOUNT_NO" : "345345",
        "SOURCE_PAYMENT_REF_NUM" : null,
        "STALE_MARKED" : null,
        "STATUS" : "B",
        "THRESHOLD_CROSSED" : 0,
        "TXN_BRANCHID" : 5,
        "TXN_CURRENCY_MST_ID" : 42001,
        "TRANSACTION_DATE" : "2017-01-03T18:30:00Z",
        "TRANSANCTION_REFERENCEID" : 5000014,
        "TXN_STATUS_IN_UPLOAD" : null,
        "TXN_VALUE_DATE" : "2017-01-03T18:30:00Z",
        "UNHOLD_DATE" : null,
        "UPLOAD_BATCHID" : null,
        "VAPID" : null,
        "PERSISTENT_FORM_DATA" : null
      }, {
        "ID" : 5000006,
        "AUTHORIZATION_BUSINESS_DATE" : "2016-12-31T18:30:00Z",
        "CREATED_BY_URI" : "com.nucleus.user.User:5000023",
        "CREATION_TIME_STAMP" : "2018-08-08T05:26:24Z",
        "LAST_UPDATED_BY_URI" : "com.nucleus.user.User:9001",
        "LAST_UPDATED_TIME_STAMP" : "2018-08-08T05:26:24Z",
        "PERSISTENCE_STATUS" : 0,
        "SNAPSHOT_RECORD" : 0,
        "SYSTEM_MODIFIABLE_ONLY" : 1,
        "UUID" : "21659176947535886-0.26779723781573983",
        "MAKE_BUSINESS_DATE" : "2016-12-31T18:30:00Z",
        "TENANT_ID" : 505,
        "ENTITY_VERSION_ID" : 2,
        "LOAN_ACCOUNT_NO" : "PLBAPLLONS000005000006",
        "ACTION_DATE" : null,
        "ALLOCATION_LEVEL" : "C",
        "ALLOCATION_TOWARDS_CUSTOMER" : null,
        "APPLICATIONID" : null,
        "AUTO_ALLOCATION_FLAG" : "N",
        "BANK_RECONCILED" : 51121,
        "BENEFICIARY_ACNO" : "11111001",
        "BENEFICIARY_AC_TYPE" : 2615,
        "RETURN_REASON_MST_ID" : null,
        "BPTYPE_ID" : 2890,
        "BULK_CLEARANCE_AMOUNT" : null,
        "BULK_CLEARANCE_REF" : null,
        "BULK_CLEARANCE_REFDATE" : null,
        "BUSINESSPARTNER_ID" : null,
        "CANCEL_REASON_MST_ID" : null,
        "CANCELLATION_REF_ID" : null,
        "SOURCE_TXN_REFERENCE_NO" : null,
        "CREDIT_DEBIT_CARD" : null,
        "CLEARING_HOUSE_MST_ID" : null,
        "CURRENCY_MST_ID" : 42001,
        "CUSTOMER_NO" : "GLBCUST00000000001",
        "DOWNLOAD_BATCHID" : -1,
        "DRAWER_NAME" : null,
        "DRAWNON" : null,
        "DATA_JSON_STRING" : null,
        "MODEL_META_DATA_ID" : null,
        "PLACEHOLDER_ID" : null,
        "UI_META_DATA_ID" : null,
        "EXTERNAL_DOWNLOAD_BATCHID" : null,
        "FILE_NUMBER" : null,
        "FINAL_ALLOCATION_DONE_FLAG" : "Y",
        "HOLD_DATE" : null,
        "DEPOSITOR_NAME" : null,
        "IDENTIFICATION_NUMBER" : null,
        "IDENTIFICATION_TYPE" : null,
        "INSTRUMENT_DATE" : "2016-12-31T18:30:00Z",
        "INSTRUMENT_REF_NUM" : "50000060001",
        "KNOCKOFF_REFERENCE_ID" : null,
        "LOAN_BRANCHID" : 5,
        "LOANID" : 5000006,
        "MC_STATUS" : "A",
        "MANDATEID" : null,
        "MANUALY_ALLOCATED_FLAG" : "Y",
        "BANK_BRANCH_MST_ID" : null,
        "BANK_MST_ID" : null,
        "CITY_MST_ID" : null,
        "IFSC_CODE" : "123456789",
        "BANK_IDENTIFICATION_CODE" : null,
        "MICR_NONMICR_FLAG" : null,
        "MODULEID" : "LMS",
        "PARTY_REF_NO" : null,
        "PARTY_TYPE" : null,
        "PAYIN_SLIP_ID" : null,
        "PAYIN_SLIP_REFERENCE" : null,
        "PAYMENT_ACCOUNT_ID" : null,
        "IGNORE_FOR_DOWNLOAD" : "N",
        "INFAVOUROF" : "MAYANK",
        "PAYMENT_INTERFACE_METHOD" : "N",
        "PAYMENT_SUB_MODE" : null,
        "PMD_FLAG" : "N",
        "RCPT_PMNT_UPLOAD_BATCHID" : null,
        "PRESENTATION_BATCHID" : null,
        "PRESENTATION_RUN_DATE" : null,
        "PRINTING_BRANCHID" : 5,
        "PRODUCT_BATCHGROUP_ID" : null,
        "PRODUCTID" : 5000007,
        "RECEIPT_AGAINST" : 51127,
        "BOUNCEX_AUTH_BUSINESSDATE" : null,
        "BOUNCEX_AUTH_DATE" : null,
        "BOUNCEX_AUTHID" : null,
        "BOUNCE_CANCEL_DATE" : null,
        "BOUNCEX_MAKE_BUSINESSDATE" : null,
        "BOUNCEX_MAKE_DATE" : null,
        "BOUNCEX_MAKERID" : null,
        "DEALINGBANK_MST_ID" : 5000000,
        "DEPOSIT_AUTH_BUSINESSDATE" : null,
        "DEPOSIT_AUTH_DATE" : null,
        "DEPOSIT_AUTHID" : null,
        "DEPOSITDATE" : null,
        "DEPOSIT_MAKE_BUSINESSDATE" : null,
        "DEPOSIT_MAKE_DATE" : null,
        "DEPOSIT_MAKERID" : null,
        "RECEIPT_NO" : null,
        "TRANSACTION_AMOUNT" : 50000,
        "BIN_NUMBER" : null,
        "CUSTODIAN_ID" : null,
        "DUEDATE" : null,
        "INSTRUMENT_PURPOSE" : null,
        "INSTRUMENT_TYPE" : null,
        "PRESENTATION_DATE" : null,
        "PAYMENTMODE" : 2669,
        "RECEIPTPAYMENT_TYPE" : 50021,
        "RECEIPT_CHANNEL" : null,
        "RECEIPT_PURPOSE" : 515019,
        "REALIZATIONDATE" : "2016-12-31T18:30:00Z",
        "REALIZE_AUTH_BUSINESSDATE" : "2016-12-31T18:30:00Z",
        "REALIZE_AUTH_DATE" : "2018-08-08T05:26:24Z",
        "REALIZE_AUTHID" : "com.nucleus.user.User:5000023",
        "REALIZE_MAKE_BUSINESSDATE" : "2016-12-31T18:30:00Z",
        "REALIZE_MAKE_DATE" : "2018-08-08T05:26:24Z",
        "REALIZE_MAKERID" : "com.nucleus.user.User:5000023",
        "REJECT_CANCEL_DELETE_INDICATOR" : null,
        "REMARKS" : null,
        "REPRESENT_FLAG" : 51121,
        "REQUEST_CHANNEL" : 51292,
        "REVERSAL_ALLOWED" : "N",
        "SERVICE_REQUEST_ID" : null,
        "SOURCE_ACCOUNT_NO" : null,
        "SOURCE_PAYMENT_REF_NUM" : 22,
        "STALE_MARKED" : null,
        "STATUS" : "S",
        "THRESHOLD_CROSSED" : null,
        "TXN_BRANCHID" : 5,
        "TXN_CURRENCY_MST_ID" : 42001,
        "TRANSACTION_DATE" : "2016-12-31T18:30:00Z",
        "TRANSANCTION_REFERENCEID" : 5000006,
        "TXN_STATUS_IN_UPLOAD" : null,
        "TXN_VALUE_DATE" : "2016-12-31T18:30:00Z",
        "UNHOLD_DATE" : null,
        "UPLOAD_BATCHID" : -1,
        "VAPID" : null,
        "PERSISTENT_FORM_DATA" : null
      }, {
        "ID" : 5000901,
        "AUTHORIZATION_BUSINESS_DATE" : null,
        "CREATED_BY_URI" : "com.nucleus.user.User:5000032",
        "CREATION_TIME_STAMP" : "2018-08-17T07:51:20Z",
        "LAST_UPDATED_BY_URI" : null,
        "LAST_UPDATED_TIME_STAMP" : "2018-08-17T07:51:20Z",
        "PERSISTENCE_STATUS" : 1,
        "SNAPSHOT_RECORD" : 0,
        "SYSTEM_MODIFIABLE_ONLY" : 1,
        "UUID" : "22445465363910583-0.446526847173069",
        "MAKE_BUSINESS_DATE" : "2017-02-12T18:30:00Z",
        "TENANT_ID" : 505,
        "ENTITY_VERSION_ID" : 1,
        "LOAN_ACCOUNT_NO" : "PLBAPLLONS000005000006",
        "ACTION_DATE" : null,
        "ALLOCATION_LEVEL" : "C",
        "ALLOCATION_TOWARDS_CUSTOMER" : "Y",
        "APPLICATIONID" : null,
        "AUTO_ALLOCATION_FLAG" : "N",
        "BANK_RECONCILED" : 51121,
        "BENEFICIARY_ACNO" : null,
        "BENEFICIARY_AC_TYPE" : null,
        "RETURN_REASON_MST_ID" : null,
        "BPTYPE_ID" : 2890,
        "BULK_CLEARANCE_AMOUNT" : null,
        "BULK_CLEARANCE_REF" : null,
        "BULK_CLEARANCE_REFDATE" : null,
        "BUSINESSPARTNER_ID" : null,
        "CANCEL_REASON_MST_ID" : null,
        "CANCELLATION_REF_ID" : null,
        "SOURCE_TXN_REFERENCE_NO" : null,
        "CREDIT_DEBIT_CARD" : null,
        "CLEARING_HOUSE_MST_ID" : null,
        "CURRENCY_MST_ID" : 42001,
        "CUSTOMER_NO" : "GLBCUST00000000001",
        "DOWNLOAD_BATCHID" : null,
        "DRAWER_NAME" : null,
        "DRAWNON" : null,
        "DATA_JSON_STRING" : null,
        "MODEL_META_DATA_ID" : null,
        "PLACEHOLDER_ID" : null,
        "UI_META_DATA_ID" : null,
        "EXTERNAL_DOWNLOAD_BATCHID" : null,
        "FILE_NUMBER" : null,
        "FINAL_ALLOCATION_DONE_FLAG" : "N",
        "HOLD_DATE" : null,
        "DEPOSITOR_NAME" : null,
        "IDENTIFICATION_NUMBER" : null,
        "IDENTIFICATION_TYPE" : null,
        "INSTRUMENT_DATE" : null,
        "INSTRUMENT_REF_NUM" : null,
        "KNOCKOFF_REFERENCE_ID" : null,
        "LOAN_BRANCHID" : 5,
        "LOANID" : 5000006,
        "MC_STATUS" : "N",
        "MANDATEID" : null,
        "MANUALY_ALLOCATED_FLAG" : "Y",
        "BANK_BRANCH_MST_ID" : null,
        "BANK_MST_ID" : null,
        "CITY_MST_ID" : null,
        "IFSC_CODE" : null,
        "BANK_IDENTIFICATION_CODE" : null,
        "MICR_NONMICR_FLAG" : "N",
        "MODULEID" : "LMS",
        "PARTY_REF_NO" : null,
        "PARTY_TYPE" : null,
        "PAYIN_SLIP_ID" : null,
        "PAYIN_SLIP_REFERENCE" : null,
        "PAYMENT_ACCOUNT_ID" : null,
        "IGNORE_FOR_DOWNLOAD" : null,
        "INFAVOUROF" : null,
        "PAYMENT_INTERFACE_METHOD" : null,
        "PAYMENT_SUB_MODE" : null,
        "PMD_FLAG" : "N",
        "RCPT_PMNT_UPLOAD_BATCHID" : null,
        "PRESENTATION_BATCHID" : null,
        "PRESENTATION_RUN_DATE" : null,
        "PRINTING_BRANCHID" : null,
        "PRODUCT_BATCHGROUP_ID" : null,
        "PRODUCTID" : 5000007,
        "RECEIPT_AGAINST" : 51127,
        "BOUNCEX_AUTH_BUSINESSDATE" : null,
        "BOUNCEX_AUTH_DATE" : null,
        "BOUNCEX_AUTHID" : null,
        "BOUNCE_CANCEL_DATE" : null,
        "BOUNCEX_MAKE_BUSINESSDATE" : null,
        "BOUNCEX_MAKE_DATE" : null,
        "BOUNCEX_MAKERID" : null,
        "DEALINGBANK_MST_ID" : null,
        "DEPOSIT_AUTH_BUSINESSDATE" : null,
        "DEPOSIT_AUTH_DATE" : null,
        "DEPOSIT_AUTHID" : null,
        "DEPOSITDATE" : null,
        "DEPOSIT_MAKE_BUSINESSDATE" : null,
        "DEPOSIT_MAKE_DATE" : null,
        "DEPOSIT_MAKERID" : null,
        "RECEIPT_NO" : "2311",
        "TRANSACTION_AMOUNT" : 10000,
        "BIN_NUMBER" : null,
        "CUSTODIAN_ID" : null,
        "DUEDATE" : null,
        "INSTRUMENT_PURPOSE" : null,
        "INSTRUMENT_TYPE" : null,
        "PRESENTATION_DATE" : null,
        "PAYMENTMODE" : 2668,
        "RECEIPTPAYMENT_TYPE" : 50020,
        "RECEIPT_CHANNEL" : null,
        "RECEIPT_PURPOSE" : 51238,
        "REALIZATIONDATE" : null,
        "REALIZE_AUTH_BUSINESSDATE" : null,
        "REALIZE_AUTH_DATE" : null,
        "REALIZE_AUTHID" : null,
        "REALIZE_MAKE_BUSINESSDATE" : null,
        "REALIZE_MAKE_DATE" : null,
        "REALIZE_MAKERID" : null,
        "REJECT_CANCEL_DELETE_INDICATOR" : null,
        "REMARKS" : null,
        "REPRESENT_FLAG" : 51121,
        "REQUEST_CHANNEL" : 51292,
        "REVERSAL_ALLOWED" : "Y",
        "SERVICE_REQUEST_ID" : null,
        "SOURCE_ACCOUNT_NO" : null,
        "SOURCE_PAYMENT_REF_NUM" : null,
        "STALE_MARKED" : null,
        "STATUS" : "R",
        "THRESHOLD_CROSSED" : 0,
        "TXN_BRANCHID" : 5,
        "TXN_CURRENCY_MST_ID" : 42001,
        "TRANSACTION_DATE" : "2017-02-12T18:30:00Z",
        "TRANSANCTION_REFERENCEID" : 5001236,
        "TXN_STATUS_IN_UPLOAD" : null,
        "TXN_VALUE_DATE" : "2017-02-12T18:30:00Z",
        "UNHOLD_DATE" : null,
        "UPLOAD_BATCHID" : null,
        "VAPID" : null,
        "PERSISTENT_FORM_DATA" : null
      }, {
        "ID" : 5000325,
        "AUTHORIZATION_BUSINESS_DATE" : null,
        "CREATED_BY_URI" : "com.nucleus.user.User:5000025",
        "CREATION_TIME_STAMP" : "2018-08-13T05:59:27Z",
        "LAST_UPDATED_BY_URI" : null,
        "LAST_UPDATED_TIME_STAMP" : "2018-08-13T05:59:27Z",
        "PERSISTENCE_STATUS" : 1,
        "SNAPSHOT_RECORD" : 0,
        "SYSTEM_MODIFIABLE_ONLY" : 1,
        "UUID" : "22093155405310041-0.4791371521827693",
        "MAKE_BUSINESS_DATE" : "2017-02-05T18:30:00Z",
        "TENANT_ID" : 505,
        "ENTITY_VERSION_ID" : 1,
        "LOAN_ACCOUNT_NO" : "PLBAPLLONS000005000006",
        "ACTION_DATE" : null,
        "ALLOCATION_LEVEL" : "C",
        "ALLOCATION_TOWARDS_CUSTOMER" : "Y",
        "APPLICATIONID" : null,
        "AUTO_ALLOCATION_FLAG" : "N",
        "BANK_RECONCILED" : 51121,
        "BENEFICIARY_ACNO" : null,
        "BENEFICIARY_AC_TYPE" : null,
        "RETURN_REASON_MST_ID" : null,
        "BPTYPE_ID" : 2890,
        "BULK_CLEARANCE_AMOUNT" : null,
        "BULK_CLEARANCE_REF" : null,
        "BULK_CLEARANCE_REFDATE" : null,
        "BUSINESSPARTNER_ID" : null,
        "CANCEL_REASON_MST_ID" : null,
        "CANCELLATION_REF_ID" : null,
        "SOURCE_TXN_REFERENCE_NO" : null,
        "CREDIT_DEBIT_CARD" : null,
        "CLEARING_HOUSE_MST_ID" : null,
        "CURRENCY_MST_ID" : 42001,
        "CUSTOMER_NO" : "GLBCUST00000000001",
        "DOWNLOAD_BATCHID" : null,
        "DRAWER_NAME" : null,
        "DRAWNON" : null,
        "DATA_JSON_STRING" : null,
        "MODEL_META_DATA_ID" : null,
        "PLACEHOLDER_ID" : null,
        "UI_META_DATA_ID" : null,
        "EXTERNAL_DOWNLOAD_BATCHID" : null,
        "FILE_NUMBER" : null,
        "FINAL_ALLOCATION_DONE_FLAG" : "N",
        "HOLD_DATE" : null,
        "DEPOSITOR_NAME" : null,
        "IDENTIFICATION_NUMBER" : null,
        "IDENTIFICATION_TYPE" : null,
        "INSTRUMENT_DATE" : null,
        "INSTRUMENT_REF_NUM" : null,
        "KNOCKOFF_REFERENCE_ID" : null,
        "LOAN_BRANCHID" : 5,
        "LOANID" : 5000006,
        "MC_STATUS" : "N",
        "MANDATEID" : null,
        "MANUALY_ALLOCATED_FLAG" : "Y",
        "BANK_BRANCH_MST_ID" : null,
        "BANK_MST_ID" : null,
        "CITY_MST_ID" : null,
        "IFSC_CODE" : null,
        "BANK_IDENTIFICATION_CODE" : null,
        "MICR_NONMICR_FLAG" : "N",
        "MODULEID" : "LMS",
        "PARTY_REF_NO" : null,
        "PARTY_TYPE" : null,
        "PAYIN_SLIP_ID" : null,
        "PAYIN_SLIP_REFERENCE" : null,
        "PAYMENT_ACCOUNT_ID" : null,
        "IGNORE_FOR_DOWNLOAD" : null,
        "INFAVOUROF" : null,
        "PAYMENT_INTERFACE_METHOD" : null,
        "PAYMENT_SUB_MODE" : null,
        "PMD_FLAG" : "N",
        "RCPT_PMNT_UPLOAD_BATCHID" : null,
        "PRESENTATION_BATCHID" : null,
        "PRESENTATION_RUN_DATE" : null,
        "PRINTING_BRANCHID" : null,
        "PRODUCT_BATCHGROUP_ID" : null,
        "PRODUCTID" : 5000007,
        "RECEIPT_AGAINST" : 51127,
        "BOUNCEX_AUTH_BUSINESSDATE" : null,
        "BOUNCEX_AUTH_DATE" : null,
        "BOUNCEX_AUTHID" : null,
        "BOUNCE_CANCEL_DATE" : null,
        "BOUNCEX_MAKE_BUSINESSDATE" : null,
        "BOUNCEX_MAKE_DATE" : null,
        "BOUNCEX_MAKERID" : null,
        "DEALINGBANK_MST_ID" : null,
        "DEPOSIT_AUTH_BUSINESSDATE" : null,
        "DEPOSIT_AUTH_DATE" : null,
        "DEPOSIT_AUTHID" : null,
        "DEPOSITDATE" : null,
        "DEPOSIT_MAKE_BUSINESSDATE" : null,
        "DEPOSIT_MAKE_DATE" : null,
        "DEPOSIT_MAKERID" : null,
        "RECEIPT_NO" : "5655",
        "TRANSACTION_AMOUNT" : 5600,
        "BIN_NUMBER" : null,
        "CUSTODIAN_ID" : null,
        "DUEDATE" : null,
        "INSTRUMENT_PURPOSE" : null,
        "INSTRUMENT_TYPE" : null,
        "PRESENTATION_DATE" : null,
        "PAYMENTMODE" : 2668,
        "RECEIPTPAYMENT_TYPE" : 50020,
        "RECEIPT_CHANNEL" : null,
        "RECEIPT_PURPOSE" : 515266,
        "REALIZATIONDATE" : null,
        "REALIZE_AUTH_BUSINESSDATE" : null,
        "REALIZE_AUTH_DATE" : null,
        "REALIZE_AUTHID" : null,
        "REALIZE_MAKE_BUSINESSDATE" : null,
        "REALIZE_MAKE_DATE" : null,
        "REALIZE_MAKERID" : null,
        "REJECT_CANCEL_DELETE_INDICATOR" : null,
        "REMARKS" : null,
        "REPRESENT_FLAG" : 51121,
        "REQUEST_CHANNEL" : 51292,
        "REVERSAL_ALLOWED" : "Y",
        "SERVICE_REQUEST_ID" : null,
        "SOURCE_ACCOUNT_NO" : null,
        "SOURCE_PAYMENT_REF_NUM" : null,
        "STALE_MARKED" : null,
        "STATUS" : "R",
        "THRESHOLD_CROSSED" : 0,
        "TXN_BRANCHID" : 5,
        "TXN_CURRENCY_MST_ID" : 42001,
        "TRANSACTION_DATE" : "2017-02-05T18:30:00Z",
        "TRANSANCTION_REFERENCEID" : 5000311,
        "TXN_STATUS_IN_UPLOAD" : null,
        "TXN_VALUE_DATE" : "2017-02-05T18:30:00Z",
        "UNHOLD_DATE" : null,
        "UPLOAD_BATCHID" : null,
        "VAPID" : null,
        "PERSISTENT_FORM_DATA" : null
      } ],
      "loan_mis_details" : {
        "ID" : 5000006,
        "AUTHORIZATION_BUSINESS_DATE" : null,
        "CREATED_BY_URI" : null,
        "CREATION_TIME_STAMP" : "2018-08-08T05:26:24Z",
        "LAST_UPDATED_BY_URI" : null,
        "LAST_UPDATED_TIME_STAMP" : "2018-08-10T06:48:42Z",
        "PERSISTENCE_STATUS" : 0,
        "SNAPSHOT_RECORD" : null,
        "SYSTEM_MODIFIABLE_ONLY" : null,
        "UUID" : null,
        "MAKE_BUSINESS_DATE" : "2018-08-08T05:26:24Z",
        "TENANT_ID" : 505,
        "ENTITY_VERSION_ID" : 12,
        "LOAN_ACCOUNT_NO" : "PLBAPLLONS000005000006",
        "ADDITIONAL_TDS_AMT" : 0,
        "ADVANCE_INSTL_AMT" : 0,
        "BILLED_ADVANCE_INSTL_AMT" : 0,
        "BILLED_BOUNCE_AMT" : 445,
        "BILLED_BOUNCE_TAX_AMT" : 55,
        "BILLED_CHARGE_SEPERATELY_AMT" : 0,
        "BILLED_VAP_COLL_AMT" : 0,
        "BILLED_VAP_COLL_TAX_AMT" : 0,
        "BILLED_INT_AMT" : 42,
        "BILLED_INT_WOFF_AMT" : 0,
        "BILLED_LPF_AMT" : 0,
        "BILLED_LPF_TAX_AMT" : 0,
        "BILLED_LPI_AMT" : 0,
        "BILLED_LPI_TAX_AMT" : 0,
        "BILLED_OTHERCHG_AMT" : 0,
        "BILLED_OTHERCHG_TAX_AMT" : 0,
        "BILLED_PRIN_AMT" : 4322,
        "BILLED_PRIN_WOFF_AMT" : 0,
        "BILLED_TDS_AMT" : 0,
        "CASHBACK_PAY_ADJ_AMT" : 0,
        "CASHBACK_PAY_AMT" : 0,
        "CHARGE_SEPERATELY_AMT" : 0,
        "CONCESSION_AMT" : 0,
        "EXCESS_PAID_AMT" : 0,
        "FREQUENCY_ID" : 60005,
        "FUTURE_PRIN_AMT" : 45678,
        "FUTURE_PRIN_WOFF_AMT" : 0,
        "INVS_ADVANCE_INSTL_AMT" : 0,
        "INVS_BILLED_ADVANCE_INSTL_AMT" : 0,
        "INVS_BILLED_BOUNCE_AMT" : 0,
        "INVS_BILLED_BOUNCE_TAX_AMT" : 0,
        "INVS_BILLED_VAP_COLL_AMT" : 0,
        "INVS_BILLED_VAP_COLL_TAX_AMT" : 0,
        "INVS_BILLED_INT_AMT" : 0,
        "INVS_BILLED_INT_WOFF_AMT" : 0,
        "INVS_BILLED_LPF_AMT" : 0,
        "INVS_BILLED_LPF_TAX_AMT" : 0,
        "INVS_BILLED_LPI_AMT" : 0,
        "INVS_BILLED_LPI_TAX_AMT" : 0,
        "INVS_BILLED_OTHERCHG_AMT" : 0,
        "INVS_BILLED_OTHERCHG_TAX_AMT" : 0,
        "INVS_BILLED_PRIN_AMT" : 0,
        "INVS_BILLED_PRIN_WOFF_AMT" : 0,
        "INVS_BILLED_TDS_AMT" : 0,
        "INVS_FUTURE_PRIN_WOFF_AMT" : 0,
        "INVS_FUTURE_PRIN_AMT" : 0,
        "INVS_LPF_ADJUSTED_AMT" : 0,
        "INVS_LPF_ADJUSTED_TAX_AMT" : 0,
        "INVS_LPI_ADJUSTED_AMT" : 0,
        "INVS_LPI_ADJUSTED_TAX_AMT" : 0,
        "INVS_OVERDUE_BOUNCE_AMT" : 0,
        "INVS_OVERDUE_VAP_COLL_AMT" : 0,
        "INVS_OVERDUE_INT_AMT" : 0,
        "INVS_OVERDUE_LPF_AMT" : 0,
        "INVS_OVERDUE_LPI_AMT" : 0,
        "INVS_OVERDUE_OTHERCHG_AMT" : 0,
        "INVS_OVERDUE_PRIN_AMT" : 0,
        "INVS_PARTPREPAY_AMT" : 0,
        "INVS_PAYABLE_EXCESS_AMT" : 0,
        "INVS_PAYABLE_LPF_AMT" : 0,
        "INVS_PAYABLE_LPF_TAX_AMT" : 0,
        "INVS_PAYABLE_LPI_AMT" : 0,
        "INVS_PAYABLE_LPI_TAX_AMT" : 0,
        "INVS_PAYABLE_OTHERCHG_AMT" : 0,
        "INVS_PAYABLE_OTHERCHG_TAX_AMT" : 0,
        "INVS_PREPAY_PENALTY_AMT" : 0,
        "INVS_PREPAY_PENALTY_TAX_AMT" : 0,
        "INVS_PROV_INT_AMT" : 0,
        "INVS_PROV_MANUAL_INT_AMT" : 0,
        "INVS_PROV_MANUAL_PRIN_AMT" : 0,
        "INVS_PROV_PRIN_AMT" : 0,
        "INVS_RECD_BOUNCE_AMT" : 0,
        "INVS_RECD_BOUNCE_TAX_AMT" : 0,
        "INVS_RECD_VAP_COLL_AMT" : 0,
        "INVS_RECD_VAP_COLL_TAX_AMT" : 0,
        "INVS_RECD_INT_AMT" : 0,
        "INVS_RECD_LPF_AMT" : 0,
        "INVS_RECD_LPF_TAX_AMT" : 0,
        "INVS_RECD_LPI_AMT" : 0,
        "INVS_RECD_LPI_TAX_AMT" : 0,
        "INVS_RECD_OTHERCHG_AMT" : 0,
        "INVS_RECD_OTHERCHG_TAX_AMT" : 0,
        "INVS_RECD_PRIN_AMT" : 0,
        "INVS_STALE_MARKED_AMT" : 0,
        "INVS_TDS_PAID_AMT" : 0,
        "INVS_TOTAL_ACCRUED_AMT" : 0,
        "LOANID" : 5000006,
        "LPF_PAYABLE_ADJUSTED_AMT" : 0,
        "LPF_PAYABLE_ADJUSTED_TAX_AMT" : 0,
        "LPI_PAYABLE_ADJUSTED_AMT" : 0,
        "LPI_PAYABLE_ADJUSTED_TAX_AMT" : 0,
        "OVERDUE_BOUNCE_AMT" : 500,
        "OVERDUE_VAP_COLL_AMT" : 0,
        "OVERDUE_INT_AMT" : 0,
        "OVERDUE_LPF_AMT" : 0,
        "OVERDUE_LPI_AMT" : 0,
        "OVERDUE_OTHERCHG_AMT" : 0,
        "OVERDUE_PRIN_AMT" : 0,
        "OVERDUE_CAPITALIZE_AMT" : 0,
        "PARTPREPAY_AMT" : 0,
        "PAYABLE_EXCESS_AMT" : 22636,
        "PAYABLE_LPF_AMT" : 0,
        "PAYABLE_LPF_TAX_AMT" : 0,
        "PAYABLE_LPI_AMT" : 0,
        "PAYABLE_LPI_TAX_AMT" : 0,
        "PAYABLE_OTHERCHG_AMT" : 0,
        "PAYABLE_OTHERCHG_TAX_AMT" : 0,
        "PREPAY_PENALTY_AMT" : 0,
        "PREPAY_PENALTY_TAX_AMT" : 0,
        "PROV_INT_AMT" : 0,
        "PROV_MANUAL_INT_AMT" : 0,
        "PROV_MANUAL_PRIN_AMT" : 0,
        "PROV_PRIN_AMT" : 3225.88,
        "RECD_BOUNCE_AMT" : 0,
        "RECD_BOUNCE_TAX_AMT" : 0,
        "RECD_CHARGE_SEPERATELY_AMT" : 0,
        "RECD_VAP_COLL_AMT" : 0,
        "RECD_VAP_COLL_TAX_AMT" : 0,
        "RECD_INT_AMT" : 42,
        "RECD_INT_ON_REINSTATE_NO" : 0,
        "RECD_LPF_AMT" : 0,
        "RECD_LPF_TAX_AMT" : 0,
        "RECD_LPI_AMT" : 0,
        "RECD_LPI_TAX_AMT" : 0,
        "RECD_OTHERCHG_AMT" : 0,
        "RECD_OTHERCHG_TAX_AMT" : 0,
        "RECD_PRIN_AMT" : 4322,
        "STALE_MARKED_AMT" : 0,
        "SUBSIDY_AMT" : 0,
        "TDS_PAID_AMT" : 0,
        "TOTAL_ACCRUED_AMT" : 42,
        "TOTAL_IMD_RECEIPT_AMT" : 0,
        "TOTAL_CAPITALIZE_INT_AMT" : 0,
        "TOTAL_MORATORIUM_RCPT_AMT" : 0,
        "UNALLOC_SALE_CHG_AMT" : 0,
        "UNALLOC_CLOSURE_AMT" : 0,
        "UNALLOC_FEE_AND_CHG_AMT" : 0,
        "UNALLOC_INSTL_PREPAID_AMT" : 0,
        "UNALLOC_INT_PREPAID_AMT" : 0,
        "UNALLOC_LOAN_CANC_CHG_AMT" : 0,
        "UNALLOC_MORATORIUM_RCPT_AMT" : 0,
        "UNALLOC_PARTPREPAY_AMT" : 0,
        "UNALLOC_SUBSIDY_AMT" : 0,
        "PERSISTENT_FORM_DATA" : null
      },
      "loan_reschedule_details" : [ {
        "ID" : 5000006,
        "AUTHORIZATION_BUSINESS_DATE" : "2016-12-31T18:30:00Z",
        "CREATED_BY_URI" : "com.nucleus.user.User:9001",
        "CREATION_TIME_STAMP" : "2018-08-08T05:26:24Z",
        "LAST_UPDATED_BY_URI" : null,
        "LAST_UPDATED_TIME_STAMP" : "2018-08-08T05:26:24Z",
        "PERSISTENCE_STATUS" : 1,
        "SNAPSHOT_RECORD" : 0,
        "SYSTEM_MODIFIABLE_ONLY" : 1,
        "UUID" : "21659176822276099-0.9092969148205146",
        "MAKE_BUSINESS_DATE" : "2016-12-31T18:30:00Z",
        "TENANT_ID" : 505,
        "ENTITY_VERSION_ID" : 1,
        "ADDITIONAL_DISB_AMOUNT" : 0,
        "ADVANCE_INSTALMENT_AMT" : 0,
        "ANCHOR_MST_ID" : 5000000,
        "ANCHOR_RATE" : 2,
        "BALANCE_INSTALLMENTS" : 12,
        "BALANCE_INTEREST" : 0,
        "BALANCE_TENURE" : 12,
        "BALLOON_AMOUNT" : 0,
        "BATCH_ID" : null,
        "BROKEN_PERIOD_INTEREST_RATE" : 10,
        "CANCELLATION_REF_ID" : null,
        "CHANGE_TYPE" : 51453,
        "COMPUTED_PENALTY_WITHTAX_AMT" : null,
        "CLOSING_BAL_PRINCIPAL" : 50000,
        "CHARGED_PENALTY_AMT" : null,
        "COMPUTED_PENALTY_WITHTAX_RATE" : null,
        "COMPUTED_PENALTY_TAXAMT" : null,
        "CURRENT_RATE_TYPE_ID" : 60033,
        "DIFFERENTIAL_GAP_INT_AMOUNT" : 0,
        "DISPLAY_FLAG" : "Y",
        "STORED_DOCUMENT_ID" : null,
        "DATA_JSON_STRING" : null,
        "MODEL_META_DATA_ID" : null,
        "PLACEHOLDER_ID" : null,
        "UI_META_DATA_ID" : null,
        "EFFECTIVE_INSTL_AMT" : 4364,
        "EFFECTIVE_INTEREST_RATE" : 10,
        "EXCESS_AMOUNT_ADJUSTMENT" : 0,
        "TRANSACTION_REFERENCEID" : 5000006,
        "FREQUENCY" : 60005,
        "GAP_DAYS_INTEREST_AMOUNT" : 0,
        "GAP_INT_CAPITALIZE_AMT" : 0,
        "GAP_INT_CAPITALIZE_DAYS" : null,
        "GAP_INTEREST_DAYS" : null,
        "GAP_INT_TREATMENT_DATE" : null,
        "GAP_INTEREST_TREATMENT_TYPE" : null,
        "GRADED_BASED_ON" : null,
        "INSTALMENT_AMOUNT" : 4364,
        "INSTALLMENT_DUE_ADJUSTMENT" : 0,
        "INSTALMENT_MODE" : 60019,
        "INSTALMENT_TYPE" : 60029,
        "INTEREST_OFFSET_AMT" : null,
        "INTEREST_RATE" : 10,
        "INTEREST_STARTMONTH" : null,
        "INTEREST_TYPE" : 60022,
        "LAST_ACCRUAL_DATE" : null,
        "LAST_ANCHORRATE_REVISION_DATE" : null,
        "LAST_BILLING_DATE" : null,
        "LOANID" : 5000006,
        "LOCK_IN_PERIOD" : null,
        "MC_STATUS" : "A",
        "MATURITYDATE" : "2017-12-03T18:30:00Z",
        "MORATORIUM_END_DATE" : null,
        "MORATORIUM_START_DATE" : null,
        "MORATORIUM_TREATMENT_TYPE" : null,
        "MARKUP" : 8,
        "TENURE" : 12,
        "NEXT_ANCHORRATE_REVISION_DATE" : null,
        "NEXT_DUE_DATE" : null,
        "NO_ADVANCE_INSTALMENT" : 0,
        "NO_OF_MORATORIUM_INSTALLMENTS" : 0,
        "OPENING_BAL_PRINCIPAL" : 0,
        "ORIGINAL_PENALTY_WITHTAX_AMT" : null,
        "ORIGINAL_PENALTY_AMT" : null,
        "ORIGINAL_PENALTY_RATE" : null,
        "ORIGINAL_PENALTY_WITHTAX_RATE" : null,
        "ORIGINAL_PENALTY_TAXAMT" : null,
        "OTH_CHARGES_DUE_ADJUSTMENT" : 0,
        "PARENT_RESCHEDULE_ID" : null,
        "PART_PREPAY_AMOUNT" : 0,
        "PAYABLE_ADJUSTED_AMT" : 0,
        "PENALTY_CAPPED_FLAG" : null,
        "PENALTY_CHARGETYPE" : null,
        "PREPAY_AMOUNT" : 0,
        "PREPAY_PENALTY_RATE" : null,
        "PREV_GAP_DAYS_INT_AMOUNT" : 0,
        "PREV_GAP_INT_TREATMENT_DATE" : null,
        "PREV_ANCHOR_MST_ID" : null,
        "PREV_ANCHOR_RATE" : null,
        "PREV_BALANCE_INSTALLMENTS" : 0,
        "PREV_BALANCE_INTEREST" : 0,
        "PREV_BALANCE_TENURE" : null,
        "PREV_BALLOON_AMOUNT" : 0,
        "PREV_CANCELLATION_REF_ID" : null,
        "PREV_CURR_RATE_TYPE_ID" : null,
        "PREV_EFFECTIVE_INSTL_AMT" : 0,
        "PREV_EFFECTIVE_INT_RATE" : null,
        "PREV_FREQUENCY" : null,
        "PREV_INSTALMENT_AMOUNT" : 0,
        "PREV_INSTALMENT_TYPE" : null,
        "PREV_INTEREST_RATE" : null,
        "PREV_INTEREST_TYPE" : null,
        "PREV_LAST_RATE_REVISION_DATE" : null,
        "PREV_MATURITYDATE" : null,
        "PREV_MARKUP" : 0,
        "PREV_NEXT_RATE_REVISION_DATE" : null,
        "PREV_NO_OF_MORATORIUM_INSTL" : 0,
        "PREV_RATE_TYPE_ID" : null,
        "PREV_DUEDAY" : null,
        "PREV_TENURE" : null,
        "PREV_RATE_SLAB" : null,
        "PREV_TOTAL_COLLECTIBLE_AMOUNT" : null,
        "PREV_TOTAL_INSTALLMENT_AMOUNT" : 0,
        "PREV_TXN_RECTIFICATION_TYPE" : null,
        "RATE_TYPE_ID" : 60033,
        "REASON_MST_ID" : null,
        "REDUCE_AMOUNT" : 0,
        "REJECT_REASON_MST_ID" : null,
        "DUEDAY" : "4",
        "REPAY_EFFECTIVE_DATE" : "2016-12-31T18:30:00Z",
        "REQUEST_CHANNEL" : 51292,
        "REQUEST_ID" : null,
        "REQUEST_TYPE" : 51493,
        "RESCHEDULE_CHARGES" : 0,
        "TRANSACTION_TYPE" : "A",
        "RESCHEDULE_DESCRIPTION" : "Disbursal # 1.",
        "RESCH_EFFECTIVE_DATE" : "2016-12-31T18:30:00Z",
        "RESCHEDULING_INSTALLMENT_AMT" : null,
        "RESCH_TRANSACTION_DATE" : "2016-12-31T18:30:00Z",
        "SOURCE_OF_FUND" : null,
        "SPECIFIED_FLOWS" : 0,
        "SPECIFIED_INSTALMENT" : 0,
        "SPECIFIED_TENURE" : null,
        "RATE_SLAB" : null,
        "TOTAL_COLLECTIBLE_AMOUNT" : null,
        "TOTAL_INSTALLMENT_AMOUNT" : 4364,
        "TOTAL_PART_PREPAY_AMOUNT" : 0,
        "TXN_BRANCHID" : 5,
        "TXN_RECTIFICATION_TYPE" : null,
        "TXN_REQUEST_TYPE" : 51493,
        "VAPID" : 0,
        "PERSISTENT_FORM_DATA" : null
      } ],
      "bucket_dpd_details" : [ {
        "ID" : 5000011,
        "AUTHORIZATION_BUSINESS_DATE" : "2017-01-30T18:30:00Z",
        "CREATED_BY_URI" : "com.nucleus.user.User:5000023",
        "CREATION_TIME_STAMP" : "2018-08-10T06:48:04Z",
        "LAST_UPDATED_BY_URI" : "com.nucleus.user.User:5000023",
        "LAST_UPDATED_TIME_STAMP" : null,
        "PERSISTENCE_STATUS" : 0,
        "SNAPSHOT_RECORD" : 0,
        "SYSTEM_MODIFIABLE_ONLY" : 1,
        "UUID" : "21836875162630982-0.2417113421718564",
        "MAKE_BUSINESS_DATE" : "2017-01-30T18:30:00Z",
        "TENANT_ID" : 505,
        "ENTITY_VERSION_ID" : 0,
        "APR_BUCKET" : null,
        "APR_DPD" : null,
        "AUG_BUCKET" : null,
        "AUG_DPD" : null,
        "DEC_BUCKET" : null,
        "DEC_DPD" : null,
        "FEB_BUCKET" : null,
        "FEB_DPD" : null,
        "JAN_BUCKET" : 0,
        "JAN_DPD" : 0,
        "JUL_BUCKET" : null,
        "JUL_DPD" : null,
        "JUN_BUCKET" : null,
        "JUN_DPD" : null,
        "LOAN_ACCOUNT_NO" : "PLBAPLLONS000005000006",
        "LOANID" : 5000006,
        "MAR_BUCKET" : null,
        "MAR_DPD" : null,
        "MAY_BUCKET" : null,
        "MAY_DPD" : null,
        "NOV_BUCKET" : null,
        "NOV_DPD" : null,
        "OCT_BUCKET" : null,
        "OCT_DPD" : null,
        "SEP_BUCKET" : null,
        "SEP_DPD" : null,
        "YEAR" : 2017,
        "PERSISTENT_FORM_DATA" : null
      } ],
      "concurrency_details" : {
        "ID" : 250006,
        "ENTITY_VERSION_ID" : 5,
        "FLAG" : null,
        "LOANID" : 5000006,
        "RANDOM_NUMBER" : -6809954551581380592,
        "VAPID" : 0
      }
    }
  },
  "id" : "5000006",
  "ruleResults" : [ {
    "ruleName" : "Autowired-com.nucleus.tools.datasanitizer.lms.DisbursalAmountRuleAutowired",
    "status" : "FAILURE"
  }, {
    "ruleName" : "r0002_repay_InstlAmtCheck",
    "status" : "SUCCESS",
    "logs" : [ "Principal + interest component is equal to installment amount for all the installments." ]
  }, {
    "ruleName" : "r0003_repay_NullVapId",
    "status" : "SUCCESS",
    "logs" : [ "VAP Id is not NULL in the Repayment Schedule." ]
  }, {
    "ruleName" : "r0004_repay_OpenClosePrinComp",
    "status" : "SUCCESS",
    "logs" : [ "Opening Principal – Principal Component = Closing principal for all the installments." ]
  }, {
    "ruleName" : "r0005_repay_PrevCloseCurBalPrin",
    "status" : "SUCCESS",
    "logs" : [ "Opening Principal is equal to the closing principal of previous installment." ]
  }, {
    "ruleName" : "r0006_repay_PrinCompLoanAmount",
    "status" : "SUCCESS",
    "logs" : [ "Loan Amount is equal to sum of principal component in the Repayment Schedule." ]
  }, {
    "ruleName" : "r0007_repay_InstlBillStopBillFlag",
    "status" : "FAILURE",
    "logs" : [ "Installment # 2 with DueDate : 04/02/2017 is not billed.", "Installment # 3 with DueDate : 04/03/2017 is not billed.", "Installment # 4 with DueDate : 04/04/2017 is not billed.", "Installment # 5 with DueDate : 04/05/2017 is not billed." ]
  }, {
    "ruleName" : "r0008_repay_InterestCalPRT100",
    "status" : "FAILURE",
    "logs" : [ "Calculated Interest and Interest Component mismatch for Installment # 1", "Calculated Interest and Interest Component mismatch for Installment # 2", "Calculated Interest and Interest Component mismatch for Installment # 3", "Calculated Interest and Interest Component mismatch for Installment # 4", "Calculated Interest and Interest Component mismatch for Installment # 5", "Calculated Interest and Interest Component mismatch for Installment # 6", "Calculated Interest and Interest Component mismatch for Installment # 7", "Calculated Interest and Interest Component mismatch for Installment # 8", "Calculated Interest and Interest Component mismatch for Installment # 9", "Calculated Interest and Interest Component mismatch for Installment # 10", "Calculated Interest and Interest Component mismatch for Installment # 11", "Calculated Interest and Interest Component mismatch for Installment # 12" ]
  } ]
}